model,language,category,emotion,neutral_strategy,strategy_a,strategy_b,jaccard_top_10
bielik_1_5b_v3,en,food,anger,neutral_centroid,centroid_phrases,single_word,0.3333333333333333
bielik_1_5b_v3,en,food,disgust,neutral_centroid,centroid_phrases,single_word,0.42857142857142855
bielik_1_5b_v3,en,food,joy,neutral_centroid,centroid_phrases,single_word,0.3333333333333333
bielik_1_5b_v3,en,food,sadness,neutral_centroid,centroid_phrases,single_word,0.42857142857142855
bielik_1_5b_v3,en,object,anger,neutral_centroid,centroid_phrases,single_word,0.17647058823529413
bielik_1_5b_v3,en,object,disgust,neutral_centroid,centroid_phrases,single_word,0.25
bielik_1_5b_v3,en,object,joy,neutral_centroid,centroid_phrases,single_word,0.1111111111111111
bielik_1_5b_v3,en,object,sadness,neutral_centroid,centroid_phrases,single_word,0.42857142857142855
bielik_1_5b_v3,en,person,anger,neutral_centroid,centroid_phrases,single_word,0.17647058823529413
bielik_1_5b_v3,en,person,disgust,neutral_centroid,centroid_phrases,single_word,0.42857142857142855
bielik_1_5b_v3,en,person,joy,neutral_centroid,centroid_phrases,single_word,0.3333333333333333
bielik_1_5b_v3,en,person,sadness,neutral_centroid,centroid_phrases,single_word,0.3333333333333333
bielik_1_5b_v3,en,place,anger,neutral_centroid,centroid_phrases,single_word,0.42857142857142855
bielik_1_5b_v3,en,place,disgust,neutral_centroid,centroid_phrases,single_word,0.42857142857142855
bielik_1_5b_v3,en,place,joy,neutral_centroid,centroid_phrases,single_word,0.25
bielik_1_5b_v3,en,place,sadness,neutral_centroid,centroid_phrases,single_word,0.42857142857142855
bielik_1_5b_v3,en,situation,anger,neutral_centroid,centroid_phrases,single_word,0.17647058823529413
bielik_1_5b_v3,en,situation,disgust,neutral_centroid,centroid_phrases,single_word,0.17647058823529413
bielik_1_5b_v3,en,situation,joy,neutral_centroid,centroid_phrases,single_word,0.1111111111111111
bielik_1_5b_v3,en,situation,sadness,neutral_centroid,centroid_phrases,single_word,0.25
bielik_1_5b_v3,pl,food,anger,neutral_centroid,centroid_phrases,single_word,0.42857142857142855
bielik_1_5b_v3,pl,food,disgust,neutral_centroid,centroid_phrases,single_word,0.3333333333333333
bielik_1_5b_v3,pl,food,joy,neutral_centroid,centroid_phrases,single_word,0.5384615384615384
bielik_1_5b_v3,pl,food,sadness,neutral_centroid,centroid_phrases,single_word,0.5384615384615384
bielik_1_5b_v3,pl,object,anger,neutral_centroid,centroid_phrases,single_word,0.25
bielik_1_5b_v3,pl,object,disgust,neutral_centroid,centroid_phrases,single_word,0.25
bielik_1_5b_v3,pl,object,joy,neutral_centroid,centroid_phrases,single_word,0.25
bielik_1_5b_v3,pl,object,sadness,neutral_centroid,centroid_phrases,single_word,0.17647058823529413
bielik_1_5b_v3,pl,person,anger,neutral_centroid,centroid_phrases,single_word,0.25
bielik_1_5b_v3,pl,person,disgust,neutral_centroid,centroid_phrases,single_word,0.25
bielik_1_5b_v3,pl,person,joy,neutral_centroid,centroid_phrases,single_word,0.3333333333333333
bielik_1_5b_v3,pl,person,sadness,neutral_centroid,centroid_phrases,single_word,0.3333333333333333
bielik_1_5b_v3,pl,place,anger,neutral_centroid,centroid_phrases,single_word,0.42857142857142855
bielik_1_5b_v3,pl,place,disgust,neutral_centroid,centroid_phrases,single_word,0.25
bielik_1_5b_v3,pl,place,joy,neutral_centroid,centroid_phrases,single_word,0.3333333333333333
bielik_1_5b_v3,pl,place,sadness,neutral_centroid,centroid_phrases,single_word,0.5384615384615384
bielik_1_5b_v3,pl,situation,anger,neutral_centroid,centroid_phrases,single_word,0.3333333333333333
bielik_1_5b_v3,pl,situation,disgust,neutral_centroid,centroid_phrases,single_word,0.3333333333333333
bielik_1_5b_v3,pl,situation,joy,neutral_centroid,centroid_phrases,single_word,0.42857142857142855
bielik_1_5b_v3,pl,situation,sadness,neutral_centroid,centroid_phrases,single_word,0.5384615384615384
bielik_1_5b_v3,zh,food,anger,neutral_centroid,centroid_phrases,single_word,0.42857142857142855
bielik_1_5b_v3,zh,food,disgust,neutral_centroid,centroid_phrases,single_word,0.42857142857142855
bielik_1_5b_v3,zh,food,joy,neutral_centroid,centroid_phrases,single_word,0.3333333333333333
bielik_1_5b_v3,zh,food,sadness,neutral_centroid,centroid_phrases,single_word,0.42857142857142855
bielik_1_5b_v3,zh,object,anger,neutral_centroid,centroid_phrases,single_word,0.42857142857142855
bielik_1_5b_v3,zh,object,disgust,neutral_centroid,centroid_phrases,single_word,0.3333333333333333
bielik_1_5b_v3,zh,object,joy,neutral_centroid,centroid_phrases,single_word,0.3333333333333333
bielik_1_5b_v3,zh,object,sadness,neutral_centroid,centroid_phrases,single_word,0.3333333333333333
bielik_1_5b_v3,zh,person,anger,neutral_centroid,centroid_phrases,single_word,0.42857142857142855
bielik_1_5b_v3,zh,person,disgust,neutral_centroid,centroid_phrases,single_word,0.5384615384615384
bielik_1_5b_v3,zh,person,joy,neutral_centroid,centroid_phrases,single_word,0.5384615384615384
bielik_1_5b_v3,zh,person,sadness,neutral_centroid,centroid_phrases,single_word,0.42857142857142855
bielik_1_5b_v3,zh,place,anger,neutral_centroid,centroid_phrases,single_word,0.42857142857142855
bielik_1_5b_v3,zh,place,disgust,neutral_centroid,centroid_phrases,single_word,0.5384615384615384
bielik_1_5b_v3,zh,place,joy,neutral_centroid,centroid_phrases,single_word,0.42857142857142855
bielik_1_5b_v3,zh,place,sadness,neutral_centroid,centroid_phrases,single_word,0.42857142857142855
bielik_1_5b_v3,zh,situation,anger,neutral_centroid,centroid_phrases,single_word,0.3333333333333333
bielik_1_5b_v3,zh,situation,disgust,neutral_centroid,centroid_phrases,single_word,0.42857142857142855
bielik_1_5b_v3,zh,situation,joy,neutral_centroid,centroid_phrases,single_word,0.17647058823529413
bielik_1_5b_v3,zh,situation,sadness,neutral_centroid,centroid_phrases,single_word,0.3333333333333333
gemini,en,food,anger,neutral_centroid,centroid_phrases,single_word,0.6666666666666666
gemini,en,food,disgust,neutral_centroid,centroid_phrases,single_word,0.6666666666666666
gemini,en,food,joy,neutral_centroid,centroid_phrases,single_word,0.6666666666666666
gemini,en,food,sadness,neutral_centroid,centroid_phrases,single_word,0.6666666666666666
gemini,en,object,anger,neutral_centroid,centroid_phrases,single_word,0.5384615384615384
gemini,en,object,disgust,neutral_centroid,centroid_phrases,single_word,0.6666666666666666
gemini,en,object,joy,neutral_centroid,centroid_phrases,single_word,0.6666666666666666
gemini,en,object,sadness,neutral_centroid,centroid_phrases,single_word,0.5384615384615384
gemini,en,person,anger,neutral_centroid,centroid_phrases,single_word,0.6666666666666666
gemini,en,person,disgust,neutral_centroid,centroid_phrases,single_word,0.6666666666666666
gemini,en,person,joy,neutral_centroid,centroid_phrases,single_word,1.0
gemini,en,person,sadness,neutral_centroid,centroid_phrases,single_word,0.8181818181818182
gemini,en,place,anger,neutral_centroid,centroid_phrases,single_word,0.42857142857142855
gemini,en,place,disgust,neutral_centroid,centroid_phrases,single_word,0.5384615384615384
gemini,en,place,joy,neutral_centroid,centroid_phrases,single_word,0.6666666666666666
gemini,en,place,sadness,neutral_centroid,centroid_phrases,single_word,0.6666666666666666
gemini,en,situation,anger,neutral_centroid,centroid_phrases,single_word,0.6666666666666666
gemini,en,situation,disgust,neutral_centroid,centroid_phrases,single_word,0.6666666666666666
gemini,en,situation,joy,neutral_centroid,centroid_phrases,single_word,0.42857142857142855
gemini,en,situation,sadness,neutral_centroid,centroid_phrases,single_word,0.8181818181818182
gemini,pl,food,anger,neutral_centroid,centroid_phrases,single_word,0.6666666666666666
gemini,pl,food,disgust,neutral_centroid,centroid_phrases,single_word,0.8181818181818182
gemini,pl,food,joy,neutral_centroid,centroid_phrases,single_word,1.0
gemini,pl,food,sadness,neutral_centroid,centroid_phrases,single_word,0.5384615384615384
gemini,pl,object,anger,neutral_centroid,centroid_phrases,single_word,0.42857142857142855
gemini,pl,object,disgust,neutral_centroid,centroid_phrases,single_word,0.8181818181818182
gemini,pl,object,joy,neutral_centroid,centroid_phrases,single_word,0.6666666666666666
gemini,pl,object,sadness,neutral_centroid,centroid_phrases,single_word,0.42857142857142855
gemini,pl,person,anger,neutral_centroid,centroid_phrases,single_word,0.6666666666666666
gemini,pl,person,disgust,neutral_centroid,centroid_phrases,single_word,0.8181818181818182
gemini,pl,person,joy,neutral_centroid,centroid_phrases,single_word,0.6666666666666666
gemini,pl,person,sadness,neutral_centroid,centroid_phrases,single_word,0.42857142857142855
gemini,pl,place,anger,neutral_centroid,centroid_phrases,single_word,0.42857142857142855
gemini,pl,place,disgust,neutral_centroid,centroid_phrases,single_word,0.8181818181818182
gemini,pl,place,joy,neutral_centroid,centroid_phrases,single_word,0.5384615384615384
gemini,pl,place,sadness,neutral_centroid,centroid_phrases,single_word,0.42857142857142855
gemini,pl,situation,anger,neutral_centroid,centroid_phrases,single_word,0.8181818181818182
gemini,pl,situation,disgust,neutral_centroid,centroid_phrases,single_word,0.8181818181818182
gemini,pl,situation,joy,neutral_centroid,centroid_phrases,single_word,0.42857142857142855
gemini,pl,situation,sadness,neutral_centroid,centroid_phrases,single_word,0.6666666666666666
gemini,zh,food,anger,neutral_centroid,centroid_phrases,single_word,0.8181818181818182
gemini,zh,food,disgust,neutral_centroid,centroid_phrases,single_word,0.6666666666666666
gemini,zh,food,joy,neutral_centroid,centroid_phrases,single_word,0.8181818181818182
gemini,zh,food,sadness,neutral_centroid,centroid_phrases,single_word,0.6666666666666666
gemini,zh,object,anger,neutral_centroid,centroid_phrases,single_word,0.6666666666666666
gemini,zh,object,disgust,neutral_centroid,centroid_phrases,single_word,1.0
gemini,zh,object,joy,neutral_centroid,centroid_phrases,single_word,0.8181818181818182
gemini,zh,object,sadness,neutral_centroid,centroid_phrases,single_word,0.8181818181818182
gemini,zh,person,anger,neutral_centroid,centroid_phrases,single_word,0.6666666666666666
gemini,zh,person,disgust,neutral_centroid,centroid_phrases,single_word,0.8181818181818182
gemini,zh,person,joy,neutral_centroid,centroid_phrases,single_word,0.6666666666666666
gemini,zh,person,sadness,neutral_centroid,centroid_phrases,single_word,0.8181818181818182
gemini,zh,place,anger,neutral_centroid,centroid_phrases,single_word,0.6666666666666666
gemini,zh,place,disgust,neutral_centroid,centroid_phrases,single_word,0.8181818181818182
gemini,zh,place,joy,neutral_centroid,centroid_phrases,single_word,0.25
gemini,zh,place,sadness,neutral_centroid,centroid_phrases,single_word,0.8181818181818182
gemini,zh,situation,anger,neutral_centroid,centroid_phrases,single_word,0.8181818181818182
gemini,zh,situation,disgust,neutral_centroid,centroid_phrases,single_word,0.5384615384615384
gemini,zh,situation,joy,neutral_centroid,centroid_phrases,single_word,0.42857142857142855
gemini,zh,situation,sadness,neutral_centroid,centroid_phrases,single_word,0.8181818181818182
mmlw_roberta_large,en,food,anger,neutral_centroid,centroid_phrases,single_word,0.6666666666666666
mmlw_roberta_large,en,food,disgust,neutral_centroid,centroid_phrases,single_word,0.6666666666666666
mmlw_roberta_large,en,food,joy,neutral_centroid,centroid_phrases,single_word,0.6666666666666666
mmlw_roberta_large,en,food,sadness,neutral_centroid,centroid_phrases,single_word,0.8181818181818182
mmlw_roberta_large,en,object,anger,neutral_centroid,centroid_phrases,single_word,0.5384615384615384
mmlw_roberta_large,en,object,disgust,neutral_centroid,centroid_phrases,single_word,0.5384615384615384
mmlw_roberta_large,en,object,joy,neutral_centroid,centroid_phrases,single_word,0.8181818181818182
mmlw_roberta_large,en,object,sadness,neutral_centroid,centroid_phrases,single_word,0.6666666666666666
mmlw_roberta_large,en,person,anger,neutral_centroid,centroid_phrases,single_word,0.6666666666666666
mmlw_roberta_large,en,person,disgust,neutral_centroid,centroid_phrases,single_word,0.6666666666666666
mmlw_roberta_large,en,person,joy,neutral_centroid,centroid_phrases,single_word,0.6666666666666666
mmlw_roberta_large,en,person,sadness,neutral_centroid,centroid_phrases,single_word,0.8181818181818182
mmlw_roberta_large,en,place,anger,neutral_centroid,centroid_phrases,single_word,0.6666666666666666
mmlw_roberta_large,en,place,disgust,neutral_centroid,centroid_phrases,single_word,0.5384615384615384
mmlw_roberta_large,en,place,joy,neutral_centroid,centroid_phrases,single_word,0.8181818181818182
mmlw_roberta_large,en,place,sadness,neutral_centroid,centroid_phrases,single_word,0.8181818181818182
mmlw_roberta_large,en,situation,anger,neutral_centroid,centroid_phrases,single_word,0.8181818181818182
mmlw_roberta_large,en,situation,disgust,neutral_centroid,centroid_phrases,single_word,0.6666666666666666
mmlw_roberta_large,en,situation,joy,neutral_centroid,centroid_phrases,single_word,0.8181818181818182
mmlw_roberta_large,en,situation,sadness,neutral_centroid,centroid_phrases,single_word,0.6666666666666666
mmlw_roberta_large,pl,food,anger,neutral_centroid,centroid_phrases,single_word,0.8181818181818182
mmlw_roberta_large,pl,food,disgust,neutral_centroid,centroid_phrases,single_word,0.8181818181818182
mmlw_roberta_large,pl,food,joy,neutral_centroid,centroid_phrases,single_word,0.8181818181818182
mmlw_roberta_large,pl,food,sadness,neutral_centroid,centroid_phrases,single_word,0.8181818181818182
mmlw_roberta_large,pl,object,anger,neutral_centroid,centroid_phrases,single_word,0.8181818181818182
mmlw_roberta_large,pl,object,disgust,neutral_centroid,centroid_phrases,single_word,0.8181818181818182
mmlw_roberta_large,pl,object,joy,neutral_centroid,centroid_phrases,single_word,0.8181818181818182
mmlw_roberta_large,pl,object,sadness,neutral_centroid,centroid_phrases,single_word,0.8181818181818182
mmlw_roberta_large,pl,person,anger,neutral_centroid,centroid_phrases,single_word,0.42857142857142855
mmlw_roberta_large,pl,person,disgust,neutral_centroid,centroid_phrases,single_word,0.6666666666666666
mmlw_roberta_large,pl,person,joy,neutral_centroid,centroid_phrases,single_word,0.6666666666666666
mmlw_roberta_large,pl,person,sadness,neutral_centroid,centroid_phrases,single_word,0.6666666666666666
mmlw_roberta_large,pl,place,anger,neutral_centroid,centroid_phrases,single_word,1.0
mmlw_roberta_large,pl,place,disgust,neutral_centroid,centroid_phrases,single_word,0.8181818181818182
mmlw_roberta_large,pl,place,joy,neutral_centroid,centroid_phrases,single_word,0.8181818181818182
mmlw_roberta_large,pl,place,sadness,neutral_centroid,centroid_phrases,single_word,0.8181818181818182
mmlw_roberta_large,pl,situation,anger,neutral_centroid,centroid_phrases,single_word,0.8181818181818182
mmlw_roberta_large,pl,situation,disgust,neutral_centroid,centroid_phrases,single_word,0.8181818181818182
mmlw_roberta_large,pl,situation,joy,neutral_centroid,centroid_phrases,single_word,0.8181818181818182
mmlw_roberta_large,pl,situation,sadness,neutral_centroid,centroid_phrases,single_word,0.6666666666666666
mmlw_roberta_large,zh,food,anger,neutral_centroid,centroid_phrases,single_word,1.0
mmlw_roberta_large,zh,food,disgust,neutral_centroid,centroid_phrases,single_word,1.0
mmlw_roberta_large,zh,food,joy,neutral_centroid,centroid_phrases,single_word,1.0
mmlw_roberta_large,zh,food,sadness,neutral_centroid,centroid_phrases,single_word,1.0
mmlw_roberta_large,zh,object,anger,neutral_centroid,centroid_phrases,single_word,1.0
mmlw_roberta_large,zh,object,disgust,neutral_centroid,centroid_phrases,single_word,1.0
mmlw_roberta_large,zh,object,joy,neutral_centroid,centroid_phrases,single_word,1.0
mmlw_roberta_large,zh,object,sadness,neutral_centroid,centroid_phrases,single_word,1.0
mmlw_roberta_large,zh,person,anger,neutral_centroid,centroid_phrases,single_word,1.0
mmlw_roberta_large,zh,person,disgust,neutral_centroid,centroid_phrases,single_word,1.0
mmlw_roberta_large,zh,person,joy,neutral_centroid,centroid_phrases,single_word,1.0
mmlw_roberta_large,zh,person,sadness,neutral_centroid,centroid_phrases,single_word,1.0
mmlw_roberta_large,zh,place,anger,neutral_centroid,centroid_phrases,single_word,1.0
mmlw_roberta_large,zh,place,disgust,neutral_centroid,centroid_phrases,single_word,1.0
mmlw_roberta_large,zh,place,joy,neutral_centroid,centroid_phrases,single_word,1.0
mmlw_roberta_large,zh,place,sadness,neutral_centroid,centroid_phrases,single_word,1.0
mmlw_roberta_large,zh,situation,anger,neutral_centroid,centroid_phrases,single_word,1.0
mmlw_roberta_large,zh,situation,disgust,neutral_centroid,centroid_phrases,single_word,1.0
mmlw_roberta_large,zh,situation,joy,neutral_centroid,centroid_phrases,single_word,1.0
mmlw_roberta_large,zh,situation,sadness,neutral_centroid,centroid_phrases,single_word,1.0
qwen3_embedding_8b,en,food,anger,neutral_centroid,centroid_phrases,single_word,0.6666666666666666
qwen3_embedding_8b,en,food,disgust,neutral_centroid,centroid_phrases,single_word,0.8181818181818182
qwen3_embedding_8b,en,food,joy,neutral_centroid,centroid_phrases,single_word,0.8181818181818182
qwen3_embedding_8b,en,food,sadness,neutral_centroid,centroid_phrases,single_word,0.8181818181818182
qwen3_embedding_8b,en,object,anger,neutral_centroid,centroid_phrases,single_word,0.6666666666666666
qwen3_embedding_8b,en,object,disgust,neutral_centroid,centroid_phrases,single_word,0.8181818181818182
qwen3_embedding_8b,en,object,joy,neutral_centroid,centroid_phrases,single_word,0.6666666666666666
qwen3_embedding_8b,en,object,sadness,neutral_centroid,centroid_phrases,single_word,0.5384615384615384
qwen3_embedding_8b,en,person,anger,neutral_centroid,centroid_phrases,single_word,0.6666666666666666
qwen3_embedding_8b,en,person,disgust,neutral_centroid,centroid_phrases,single_word,0.6666666666666666
qwen3_embedding_8b,en,person,joy,neutral_centroid,centroid_phrases,single_word,0.6666666666666666
qwen3_embedding_8b,en,person,sadness,neutral_centroid,centroid_phrases,single_word,0.8181818181818182
qwen3_embedding_8b,en,place,anger,neutral_centroid,centroid_phrases,single_word,0.6666666666666666
qwen3_embedding_8b,en,place,disgust,neutral_centroid,centroid_phrases,single_word,0.8181818181818182
qwen3_embedding_8b,en,place,joy,neutral_centroid,centroid_phrases,single_word,1.0
qwen3_embedding_8b,en,place,sadness,neutral_centroid,centroid_phrases,single_word,0.8181818181818182
qwen3_embedding_8b,en,situation,anger,neutral_centroid,centroid_phrases,single_word,0.8181818181818182
qwen3_embedding_8b,en,situation,disgust,neutral_centroid,centroid_phrases,single_word,0.8181818181818182
qwen3_embedding_8b,en,situation,joy,neutral_centroid,centroid_phrases,single_word,0.6666666666666666
qwen3_embedding_8b,en,situation,sadness,neutral_centroid,centroid_phrases,single_word,0.8181818181818182
qwen3_embedding_8b,pl,food,anger,neutral_centroid,centroid_phrases,single_word,0.8181818181818182
qwen3_embedding_8b,pl,food,disgust,neutral_centroid,centroid_phrases,single_word,1.0
qwen3_embedding_8b,pl,food,joy,neutral_centroid,centroid_phrases,single_word,0.6666666666666666
qwen3_embedding_8b,pl,food,sadness,neutral_centroid,centroid_phrases,single_word,0.8181818181818182
qwen3_embedding_8b,pl,object,anger,neutral_centroid,centroid_phrases,single_word,0.5384615384615384
qwen3_embedding_8b,pl,object,disgust,neutral_centroid,centroid_phrases,single_word,0.6666666666666666
qwen3_embedding_8b,pl,object,joy,neutral_centroid,centroid_phrases,single_word,0.5384615384615384
qwen3_embedding_8b,pl,object,sadness,neutral_centroid,centroid_phrases,single_word,0.42857142857142855
qwen3_embedding_8b,pl,person,anger,neutral_centroid,centroid_phrases,single_word,0.6666666666666666
qwen3_embedding_8b,pl,person,disgust,neutral_centroid,centroid_phrases,single_word,0.6666666666666666
qwen3_embedding_8b,pl,person,joy,neutral_centroid,centroid_phrases,single_word,0.5384615384615384
qwen3_embedding_8b,pl,person,sadness,neutral_centroid,centroid_phrases,single_word,0.5384615384615384
qwen3_embedding_8b,pl,place,anger,neutral_centroid,centroid_phrases,single_word,0.5384615384615384
qwen3_embedding_8b,pl,place,disgust,neutral_centroid,centroid_phrases,single_word,0.6666666666666666
qwen3_embedding_8b,pl,place,joy,neutral_centroid,centroid_phrases,single_word,0.5384615384615384
qwen3_embedding_8b,pl,place,sadness,neutral_centroid,centroid_phrases,single_word,0.3333333333333333
qwen3_embedding_8b,pl,situation,anger,neutral_centroid,centroid_phrases,single_word,0.6666666666666666
qwen3_embedding_8b,pl,situation,disgust,neutral_centroid,centroid_phrases,single_word,0.8181818181818182
qwen3_embedding_8b,pl,situation,joy,neutral_centroid,centroid_phrases,single_word,0.8181818181818182
qwen3_embedding_8b,pl,situation,sadness,neutral_centroid,centroid_phrases,single_word,0.6666666666666666
qwen3_embedding_8b,zh,food,anger,neutral_centroid,centroid_phrases,single_word,0.8181818181818182
qwen3_embedding_8b,zh,food,disgust,neutral_centroid,centroid_phrases,single_word,0.5384615384615384
qwen3_embedding_8b,zh,food,joy,neutral_centroid,centroid_phrases,single_word,0.8181818181818182
qwen3_embedding_8b,zh,food,sadness,neutral_centroid,centroid_phrases,single_word,0.6666666666666666
qwen3_embedding_8b,zh,object,anger,neutral_centroid,centroid_phrases,single_word,1.0
qwen3_embedding_8b,zh,object,disgust,neutral_centroid,centroid_phrases,single_word,0.5384615384615384
qwen3_embedding_8b,zh,object,joy,neutral_centroid,centroid_phrases,single_word,0.8181818181818182
qwen3_embedding_8b,zh,object,sadness,neutral_centroid,centroid_phrases,single_word,0.6666666666666666
qwen3_embedding_8b,zh,person,anger,neutral_centroid,centroid_phrases,single_word,0.6666666666666666
qwen3_embedding_8b,zh,person,disgust,neutral_centroid,centroid_phrases,single_word,0.8181818181818182
qwen3_embedding_8b,zh,person,joy,neutral_centroid,centroid_phrases,single_word,0.8181818181818182
qwen3_embedding_8b,zh,person,sadness,neutral_centroid,centroid_phrases,single_word,1.0
qwen3_embedding_8b,zh,place,anger,neutral_centroid,centroid_phrases,single_word,0.8181818181818182
qwen3_embedding_8b,zh,place,disgust,neutral_centroid,centroid_phrases,single_word,0.6666666666666666
qwen3_embedding_8b,zh,place,joy,neutral_centroid,centroid_phrases,single_word,1.0
qwen3_embedding_8b,zh,place,sadness,neutral_centroid,centroid_phrases,single_word,0.8181818181818182
qwen3_embedding_8b,zh,situation,anger,neutral_centroid,centroid_phrases,single_word,0.6666666666666666
qwen3_embedding_8b,zh,situation,disgust,neutral_centroid,centroid_phrases,single_word,0.5384615384615384
qwen3_embedding_8b,zh,situation,joy,neutral_centroid,centroid_phrases,single_word,0.6666666666666666
qwen3_embedding_8b,zh,situation,sadness,neutral_centroid,centroid_phrases,single_word,0.6666666666666666
