model,language,category,emotion,emotion_strategy,neutral_strategy,projection_emotion,projection_identity,projection_random,projection_shuffled_emotion,delta_emotion_minus_identity,delta_emotion_minus_random,delta_emotion_minus_shuffled
arctic_embed_l_v2,en,food,amusement,centroid_phrases,neutral_centroid,0.14587729098275298,0.029537077201530308,0.027040726412087664,0.14587729098275298,0.11634021378122267,0.11883656457066533,0.0
arctic_embed_l_v2,en,food,anger,centroid_phrases,neutral_centroid,0.14464710969477887,-0.008572133630514131,-0.01596538349986076,0.16177594084292646,0.153219243325293,0.16061249319463963,-0.01712883114814759
arctic_embed_l_v2,en,food,disgust,centroid_phrases,neutral_centroid,0.15569116938859223,0.0013490756973624312,-0.031049492582678785,0.11408436764031644,0.1543420936912298,0.186740661971271,0.04160680174827579
arctic_embed_l_v2,en,food,excitement,centroid_phrases,neutral_centroid,0.15067381546832617,0.02570511731319129,-0.0019970565568655707,0.16817378071136768,0.12496869815513488,0.15267087202519175,-0.01749996524304151
arctic_embed_l_v2,en,food,fear,centroid_phrases,neutral_centroid,0.1946302614174783,-0.00904986551031466,-0.049076205212622834,0.12278638249263167,0.20368012692779297,0.24370646663010115,0.07184387892484663
arctic_embed_l_v2,en,food,joy,centroid_phrases,neutral_centroid,0.1430698113515973,-0.0039050428196787503,-0.04640786293894048,0.1310142761096358,0.14697485417127604,0.18947767429053777,0.012055535241961485
arctic_embed_l_v2,en,food,love,centroid_phrases,neutral_centroid,0.19150506146252153,-0.01354998601600527,-0.04015679107978939,0.15254159625619648,0.2050550474785268,0.23166185254231092,0.03896346520632504
arctic_embed_l_v2,en,food,negative,centroid_phrases,neutral_centroid,0.157023798674345,-0.012463439442217328,-0.028033918514847746,0.17472886629402634,0.16948723811656233,0.18505771718919273,-0.017705067619681353
arctic_embed_l_v2,en,food,positive,centroid_phrases,neutral_centroid,0.1448304958641529,-0.01156527325510975,-0.03345544412732121,0.1456110633909702,0.15639576911926265,0.1782859399914741,-0.0007805675268173218
arctic_embed_l_v2,en,food,sadness,centroid_phrases,neutral_centroid,0.17329157032072542,-0.01268014525994654,-0.04763786001130934,0.13508024848997593,0.18597171558067196,0.22092943033203477,0.03821132183074949
arctic_embed_l_v2,en,object,amusement,centroid_phrases,neutral_centroid,0.3448074612766504,0.059956724662333684,0.062106987368315415,0.3126879516988993,0.2848507366143167,0.28270047390833497,0.032119509577751115
arctic_embed_l_v2,en,object,anger,centroid_phrases,neutral_centroid,0.35171142760664226,0.06599093396216628,0.04701568824239075,0.33494856003671886,0.285720493644476,0.3046957393642515,0.0167628675699234
arctic_embed_l_v2,en,object,disgust,centroid_phrases,neutral_centroid,0.2885680016130209,0.0481803350150585,0.05754053704440591,0.23649576716125006,0.24038766659796237,0.23102746456861495,0.05207223445177081
arctic_embed_l_v2,en,object,excitement,centroid_phrases,neutral_centroid,0.36838704757392404,0.0867703320458531,0.08431213442236181,0.3412211593240499,0.28161671552807094,0.28407491315156225,0.02716588824987415
arctic_embed_l_v2,en,object,fear,centroid_phrases,neutral_centroid,0.4408313576132059,0.07246471568942066,0.03133661132305858,0.2294710118323564,0.36836664192378527,0.4094947462901473,0.2113603457808495
arctic_embed_l_v2,en,object,joy,centroid_phrases,neutral_centroid,0.3541308633983135,0.06142522869631645,0.04133004080504176,0.2400580264627933,0.29270563470199706,0.31280082259327174,0.1140728369355202
arctic_embed_l_v2,en,object,love,centroid_phrases,neutral_centroid,0.3987204480916261,0.04389938041567798,0.027393085137009582,0.33609700240194795,0.3548210676759481,0.37132736295461655,0.06262344568967815
arctic_embed_l_v2,en,object,negative,centroid_phrases,neutral_centroid,0.36742700971663,0.08031108342111107,0.08726869542151686,0.3640315596014261,0.28711592629551896,0.2801583142951132,0.003395450115203924
arctic_embed_l_v2,en,object,positive,centroid_phrases,neutral_centroid,0.3680301841348409,0.0683001354336738,0.08536649048328394,0.3399239998310804,0.2997300487011671,0.28266369365155697,0.028106184303760495
arctic_embed_l_v2,en,object,sadness,centroid_phrases,neutral_centroid,0.41575524397194386,0.06956684775650498,0.041881163977086536,0.23267362155020233,0.34618839621543884,0.37387407999485733,0.18308162242174153
arctic_embed_l_v2,en,person,amusement,centroid_phrases,neutral_centroid,0.19739391179755328,0.04704084070399401,0.020499113155528877,0.17157599451020358,0.15035307109355928,0.1768947986420244,0.025817917287349695
arctic_embed_l_v2,en,person,anger,centroid_phrases,neutral_centroid,0.31002917166333643,0.05402435217984018,0.041156598227098565,0.24567833642940964,0.25600481948349624,0.2688725734362379,0.06435083523392679
arctic_embed_l_v2,en,person,disgust,centroid_phrases,neutral_centroid,0.20717539498582477,0.050956195872276996,0.04896383648738264,0.17688746461644766,0.15621919911354776,0.15821155849844212,0.030287930369377103
arctic_embed_l_v2,en,person,excitement,centroid_phrases,neutral_centroid,0.22388150375336405,0.05053257020190355,0.05680179800838229,0.217099392786622,0.1733489335514605,0.16707970574498177,0.006782110966742055
arctic_embed_l_v2,en,person,fear,centroid_phrases,neutral_centroid,0.2863593517336994,0.05132396710105238,0.050737424613907914,0.1429332844447344,0.23503538463264703,0.23562192711979152,0.143426067288965
arctic_embed_l_v2,en,person,joy,centroid_phrases,neutral_centroid,0.2315050246194005,0.05436885086819528,0.019174819719046367,0.18445444442331788,0.17713617375120522,0.21233020490035415,0.04705058019608263
arctic_embed_l_v2,en,person,love,centroid_phrases,neutral_centroid,0.3021028170362115,0.04180764853954314,0.04180764853954314,0.20215013753622765,0.26029516849666834,0.26029516849666834,0.09995267949998385
arctic_embed_l_v2,en,person,negative,centroid_phrases,neutral_centroid,0.22225871738046407,0.04228221625089644,0.035659378394484506,0.227199331484735,0.17997650112956765,0.18659933898597958,-0.004940614104270935
arctic_embed_l_v2,en,person,positive,centroid_phrases,neutral_centroid,0.19939394649118186,0.04515021871775389,0.02218003906309605,0.21209467183798553,0.15424372777342799,0.17721390742808582,-0.012700725346803665
arctic_embed_l_v2,en,person,sadness,centroid_phrases,neutral_centroid,0.2520865636412054,0.0615270896349102,0.04083998338319361,0.19338037841953337,0.1905594740062952,0.2112465802580118,0.058706185221672036
arctic_embed_l_v2,en,place,amusement,centroid_phrases,neutral_centroid,0.12759706396609544,-0.00978938098996875,-0.00453112050890921,0.1627744922414422,0.1373864449560642,0.13212818447500466,-0.035177428275346756
arctic_embed_l_v2,en,place,anger,centroid_phrases,neutral_centroid,0.16144008841365576,0.029943479318171724,0.01838181465864181,0.23025303687900306,0.13149660909548402,0.14305827375501395,-0.0688129484653473
arctic_embed_l_v2,en,place,disgust,centroid_phrases,neutral_centroid,0.13718950366601343,0.0243548466823995,0.0243548466823995,0.17203232599422333,0.11283465698361393,0.11283465698361393,-0.0348428223282099
arctic_embed_l_v2,en,place,excitement,centroid_phrases,neutral_centroid,0.20532460846006867,0.007522354647517211,-0.00959239080548285,0.1832112669944763,0.19780225381255145,0.21491699926555152,0.02211334146559238
arctic_embed_l_v2,en,place,fear,centroid_phrases,neutral_centroid,0.27220488525927067,0.02355467211455106,0.01746543981134891,0.11597962714731694,0.2486502131447196,0.25473944544792176,0.15622525811195373
arctic_embed_l_v2,en,place,joy,centroid_phrases,neutral_centroid,0.2181207025423646,0.00034150108695031026,0.0012245979160070495,0.12547909338027238,0.2177792014554143,0.21689610462635756,0.09264160916209221
arctic_embed_l_v2,en,place,love,centroid_phrases,neutral_centroid,0.2599060381762683,0.005550298746675241,0.01072827754542231,0.17217852836474773,0.25435573942959305,0.24917776063084598,0.08772750981152055
arctic_embed_l_v2,en,place,negative,centroid_phrases,neutral_centroid,0.20643964884802699,0.006492820288985972,-0.0011823837645351895,0.21830383790656924,0.199946828559041,0.20762203261256218,-0.011864189058542252
arctic_embed_l_v2,en,place,positive,centroid_phrases,neutral_centroid,0.15624310411512848,-0.011589402519166452,-0.004361137468367822,0.17300097551196814,0.16783250663429494,0.16060424158349632,-0.016757871396839652
arctic_embed_l_v2,en,place,sadness,centroid_phrases,neutral_centroid,0.22375715114176273,0.012085918802768002,0.00676859067752957,0.10542572177946567,0.21167123233899474,0.21698856046423315,0.11833142936229706
arctic_embed_l_v2,en,situation,amusement,centroid_phrases,neutral_centroid,0.15547850802540777,-0.059588253870606386,-0.0566000993363559,0.15325660333037375,0.21506676189601415,0.21207860736176368,0.002221904695034027
arctic_embed_l_v2,en,situation,anger,centroid_phrases,neutral_centroid,0.1944273141212761,-0.10828469423577185,-0.10449992446228859,0.18064797790721054,0.3027120083570479,0.2989272385835647,0.013779336214065546
arctic_embed_l_v2,en,situation,disgust,centroid_phrases,neutral_centroid,0.12846387661993502,-0.11415697075426574,-0.11213065199553962,0.11155357882380483,0.24262084737420075,0.24059452861547465,0.016910297796130194
arctic_embed_l_v2,en,situation,excitement,centroid_phrases,neutral_centroid,0.1722805332392454,-0.06893187984824177,-0.0672253422439098,0.16748275468125934,0.24121241308748714,0.2395058754831552,0.004797778557986049
arctic_embed_l_v2,en,situation,fear,centroid_phrases,neutral_centroid,0.24128345442004498,-0.10667373421601949,-0.10486931274645028,0.10950811211951075,0.34795718863606445,0.34615276716649523,0.13177534230053423
arctic_embed_l_v2,en,situation,joy,centroid_phrases,neutral_centroid,0.21522112246602773,-0.07092073503881689,-0.07092073503881689,0.1749395119026303,0.2861418575048446,0.2861418575048446,0.040281610563397435
arctic_embed_l_v2,en,situation,love,centroid_phrases,neutral_centroid,0.23216170519590373,-0.10112035050988193,-0.0995408087968826,0.17066467627882956,0.3332820557057857,0.33170251399278633,0.061497028917074176
arctic_embed_l_v2,en,situation,negative,centroid_phrases,neutral_centroid,0.1671008290722966,-0.10375018101185556,-0.10536521207541223,0.12343225870281456,0.27085101008415213,0.27246604114770884,0.04366857036948203
arctic_embed_l_v2,en,situation,positive,centroid_phrases,neutral_centroid,0.18765489757061005,-0.07251509726047513,-0.06342453397810456,0.19962690100073813,0.26016999483108516,0.2510794315487146,-0.011972003430128081
arctic_embed_l_v2,en,situation,sadness,centroid_phrases,neutral_centroid,0.12089977730065585,-0.10978706087917085,-0.11706350650638338,0.11772947609424592,0.23068683817982671,0.23796328380703924,0.003170301206409931
