model,language,category,emotion,condition,mean_cosine_similarity_top_10,mean_projection_top_10,category_retention_at_10,unique_candidates
bielik_1_5b_v3,en,food,anger,emotion,0.9010139048099518,0.03152397060766812,1.0,10
bielik_1_5b_v3,en,food,anger,identity,0.9389204561710358,0.00964207462966441,1.0,10
bielik_1_5b_v3,en,food,anger,random,0.6498300909996033,0.01560277072712776,1.0,10
bielik_1_5b_v3,en,food,anger,shuffled_emotion,0.9045726895332337,0.0333046561107039,1.0,10
bielik_1_5b_v3,en,food,disgust,emotion,0.8979402720928192,0.03498175460845228,1.0,10
bielik_1_5b_v3,en,food,disgust,identity,0.9389204561710358,0.009556601522490379,1.0,10
bielik_1_5b_v3,en,food,disgust,random,0.6676987290382386,0.02108450634405014,1.0,10
bielik_1_5b_v3,en,food,disgust,shuffled_emotion,0.9073331475257873,0.035498210787773085,1.0,10
bielik_1_5b_v3,en,food,joy,emotion,0.9073331475257873,0.04655105136334891,1.0,10
bielik_1_5b_v3,en,food,joy,identity,0.9389204561710358,0.016588531620800477,1.0,10
bielik_1_5b_v3,en,food,joy,random,0.6514226496219635,0.03396061295643445,1.0,10
bielik_1_5b_v3,en,food,joy,shuffled_emotion,0.9010139048099518,0.042479032836854405,1.0,10
bielik_1_5b_v3,en,food,sadness,emotion,0.9045726895332337,0.04027973785996434,1.0,10
bielik_1_5b_v3,en,food,sadness,identity,0.9389204561710358,0.014124665316194298,1.0,10
bielik_1_5b_v3,en,food,sadness,random,0.6721645653247833,0.02052851822227238,1.0,10
bielik_1_5b_v3,en,food,sadness,shuffled_emotion,0.8979402720928192,0.03674152698367831,1.0,10
bielik_1_5b_v3,en,object,anger,emotion,0.8929873287677765,0.056318178772926275,1.0,10
bielik_1_5b_v3,en,object,anger,identity,0.9272862732410431,0.019325610576197482,1.0,10
bielik_1_5b_v3,en,object,anger,random,0.6540448725223541,0.03055225978605447,1.0,10
bielik_1_5b_v3,en,object,anger,shuffled_emotion,0.8951654076576233,0.06055112741887565,1.0,10
bielik_1_5b_v3,en,object,disgust,emotion,0.8876466572284698,0.05442755259573454,1.0,10
bielik_1_5b_v3,en,object,disgust,identity,0.9272862732410431,0.01164715210907161,1.0,10
bielik_1_5b_v3,en,object,disgust,random,0.6533444285392761,0.025871054502204026,1.0,10
bielik_1_5b_v3,en,object,disgust,shuffled_emotion,0.8973982989788055,0.05442755259573454,1.0,10
bielik_1_5b_v3,en,object,joy,emotion,0.8973982989788055,0.06747042611241336,1.0,10
bielik_1_5b_v3,en,object,joy,identity,0.9272862732410431,0.01592728472314775,1.0,10
bielik_1_5b_v3,en,object,joy,random,0.6534765422344208,0.03132194513455032,1.0,10
bielik_1_5b_v3,en,object,joy,shuffled_emotion,0.8929873287677765,0.060281440429389446,1.0,10
bielik_1_5b_v3,en,object,sadness,emotion,0.8951654076576233,0.06278549619019028,1.0,10
bielik_1_5b_v3,en,object,sadness,identity,0.9272862732410431,0.01560625806450842,1.0,10
bielik_1_5b_v3,en,object,sadness,random,0.6520334839820862,0.01857972731813787,1.0,10
bielik_1_5b_v3,en,object,sadness,shuffled_emotion,0.8876466572284698,0.06278549619019028,1.0,10
bielik_1_5b_v3,en,person,anger,emotion,0.9103481233119964,0.0758023355156183,1.0,10
bielik_1_5b_v3,en,person,anger,identity,0.9403943061828614,0.01576181128621102,1.0,10
bielik_1_5b_v3,en,person,anger,random,0.6458964586257935,0.02441682368516921,1.0,10
bielik_1_5b_v3,en,person,anger,shuffled_emotion,0.9132302522659301,0.07271274887025353,1.0,10
bielik_1_5b_v3,en,person,disgust,emotion,0.907485032081604,0.07424879483878608,1.0,10
bielik_1_5b_v3,en,person,disgust,identity,0.9403943061828614,0.01422713156789541,1.0,10
bielik_1_5b_v3,en,person,disgust,random,0.6571616530418396,0.01110899373888969,1.0,10
bielik_1_5b_v3,en,person,disgust,shuffled_emotion,0.9163208663463592,0.07424879483878608,1.0,10
bielik_1_5b_v3,en,person,joy,emotion,0.9163208663463592,0.08610620573163029,1.0,10
bielik_1_5b_v3,en,person,joy,identity,0.9403943061828614,0.02401597313582897,1.0,10
bielik_1_5b_v3,en,person,joy,random,0.6640336394309998,0.02925879126414655,1.0,10
bielik_1_5b_v3,en,person,joy,shuffled_emotion,0.9103481233119964,0.08892515338957305,1.0,10
bielik_1_5b_v3,en,person,sadness,emotion,0.9132302522659301,0.0780160747468471,1.0,10
bielik_1_5b_v3,en,person,sadness,identity,0.9403943061828614,0.02034554127603769,1.0,10
bielik_1_5b_v3,en,person,sadness,random,0.6584685742855072,0.030282234400510775,1.0,10
bielik_1_5b_v3,en,person,sadness,shuffled_emotion,0.907485032081604,0.0780160747468471,1.0,10
bielik_1_5b_v3,en,place,anger,emotion,0.9098590970039367,0.06537923011928794,1.0,10
bielik_1_5b_v3,en,place,anger,identity,0.9423588514328003,0.03803233588114377,1.0,10
bielik_1_5b_v3,en,place,anger,random,0.6732976555824279,0.0512035289779305,1.0,10
bielik_1_5b_v3,en,place,anger,shuffled_emotion,0.911469429731369,0.06756618488579984,1.0,10
bielik_1_5b_v3,en,place,disgust,emotion,0.9061226844787598,0.06510127056390043,1.0,10
bielik_1_5b_v3,en,place,disgust,identity,0.9423588514328003,0.037228443194180685,1.0,10
bielik_1_5b_v3,en,place,disgust,random,0.6629817068576813,0.045067437458783347,1.0,10
bielik_1_5b_v3,en,place,disgust,shuffled_emotion,0.9145681142807007,0.06697351131588217,1.0,10
bielik_1_5b_v3,en,place,joy,emotion,0.9145681142807007,0.07650764174759382,1.0,10
bielik_1_5b_v3,en,place,joy,identity,0.9423588514328003,0.04419874036684629,1.0,10
bielik_1_5b_v3,en,place,joy,random,0.6844475388526916,0.04612907068803903,1.0,10
bielik_1_5b_v3,en,place,joy,shuffled_emotion,0.9098590970039367,0.07272574044764037,1.0,10
bielik_1_5b_v3,en,place,sadness,emotion,0.911469429731369,0.06876979563385244,1.0,10
bielik_1_5b_v3,en,place,sadness,identity,0.9423588514328003,0.039484463445842236,1.0,10
bielik_1_5b_v3,en,place,sadness,random,0.6684919118881225,0.04167919661849733,1.0,10
bielik_1_5b_v3,en,place,sadness,shuffled_emotion,0.9061226844787598,0.06569391582161184,1.0,10
bielik_1_5b_v3,en,situation,anger,emotion,0.9097585439682007,0.06387649560347196,1.0,10
bielik_1_5b_v3,en,situation,anger,identity,0.9415907382965087,0.02374277939088641,1.0,10
bielik_1_5b_v3,en,situation,anger,random,0.6683428049087524,0.01803488153964278,1.0,10
bielik_1_5b_v3,en,situation,anger,shuffled_emotion,0.9115206480026246,0.06515017524361608,1.0,10
bielik_1_5b_v3,en,situation,disgust,emotion,0.9072894871234893,0.07162663820199663,1.0,10
bielik_1_5b_v3,en,situation,disgust,identity,0.9415907382965087,0.025543742580339292,1.0,10
bielik_1_5b_v3,en,situation,disgust,random,0.6704176843166352,0.015333715965971339,1.0,10
bielik_1_5b_v3,en,situation,disgust,shuffled_emotion,0.9143047511577607,0.0677052933722734,1.0,10
bielik_1_5b_v3,en,situation,joy,emotion,0.9143047511577607,0.07310726605355736,1.0,10
bielik_1_5b_v3,en,situation,joy,identity,0.9415907382965087,0.02629352258518337,1.0,10
bielik_1_5b_v3,en,situation,joy,random,0.6695386946201325,0.029972254205495107,1.0,10
bielik_1_5b_v3,en,situation,joy,shuffled_emotion,0.9097585439682007,0.06971771428361531,1.0,10
bielik_1_5b_v3,en,situation,sadness,emotion,0.9115206480026246,0.06671398449689145,1.0,10
bielik_1_5b_v3,en,situation,sadness,identity,0.9415907382965087,0.02443939247168598,1.0,10
bielik_1_5b_v3,en,situation,sadness,random,0.6636162579059601,0.0278154818806797,1.0,10
bielik_1_5b_v3,en,situation,sadness,shuffled_emotion,0.9072894871234893,0.06666576913557942,1.0,10
bielik_1_5b_v3,pl,food,anger,emotion,0.8973159074783326,0.04538974892348045,1.0,10
bielik_1_5b_v3,pl,food,anger,identity,0.9523299634456635,0.024275569454766787,1.0,10
bielik_1_5b_v3,pl,food,anger,random,0.6795386850833893,0.01896164598874746,1.0,10
bielik_1_5b_v3,pl,food,anger,shuffled_emotion,0.8960593819618226,0.04538974892348045,1.0,10
bielik_1_5b_v3,pl,food,disgust,emotion,0.8941090822219848,0.06133869849145408,1.0,10
bielik_1_5b_v3,pl,food,disgust,identity,0.9523299634456635,0.031043676729313997,1.0,10
bielik_1_5b_v3,pl,food,disgust,random,0.6685010671615601,0.03307800560723988,1.0,10
bielik_1_5b_v3,pl,food,disgust,shuffled_emotion,0.8976470053195953,0.05704725868999953,1.0,10
bielik_1_5b_v3,pl,food,joy,emotion,0.8976470053195953,0.04441241472959513,1.0,10
bielik_1_5b_v3,pl,food,joy,identity,0.9523299634456635,0.02315801521763203,1.0,10
bielik_1_5b_v3,pl,food,joy,random,0.6815567195415497,0.02053036552388219,1.0,10
bielik_1_5b_v3,pl,food,joy,shuffled_emotion,0.8973159074783326,0.04441241472959513,1.0,10
bielik_1_5b_v3,pl,food,sadness,emotion,0.8960593819618226,0.04646412692964072,1.0,10
bielik_1_5b_v3,pl,food,sadness,identity,0.9523299634456635,0.023785587423481008,1.0,10
bielik_1_5b_v3,pl,food,sadness,random,0.6676930606365203,0.02097711276728656,1.0,10
bielik_1_5b_v3,pl,food,sadness,shuffled_emotion,0.8941090822219848,0.05016283951699729,1.0,10
bielik_1_5b_v3,pl,object,anger,emotion,0.8759347319602966,0.06645743367262179,1.0,10
bielik_1_5b_v3,pl,object,anger,identity,0.9346727013587952,0.0042873965576291,1.0,10
bielik_1_5b_v3,pl,object,anger,random,0.642874276638031,-0.0016915996093302996,1.0,10
bielik_1_5b_v3,pl,object,anger,shuffled_emotion,0.8736501812934876,0.07499112025834616,1.0,10
bielik_1_5b_v3,pl,object,disgust,emotion,0.8696280181407928,0.08517060689628121,1.0,10
bielik_1_5b_v3,pl,object,disgust,identity,0.9346727013587952,-0.0032016340643167404,1.0,10
bielik_1_5b_v3,pl,object,disgust,random,0.6781001925468445,0.00036010872572661936,1.0,10
bielik_1_5b_v3,pl,object,disgust,shuffled_emotion,0.8760463118553161,0.0667595173232257,1.0,10
bielik_1_5b_v3,pl,object,joy,emotion,0.8760463118553161,0.06521473177708684,1.0,10
bielik_1_5b_v3,pl,object,joy,identity,0.9346727013587952,0.0024613135028630695,1.0,10
bielik_1_5b_v3,pl,object,joy,random,0.672420758008957,0.0005039379466325293,1.0,10
bielik_1_5b_v3,pl,object,joy,shuffled_emotion,0.8759347319602966,0.06521473177708684,1.0,10
bielik_1_5b_v3,pl,object,sadness,emotion,0.8736501812934876,0.0735629674978554,1.0,10
bielik_1_5b_v3,pl,object,sadness,identity,0.9346727013587952,0.00108099323697389,1.0,10
bielik_1_5b_v3,pl,object,sadness,random,0.668058305978775,0.004437594558112319,1.0,10
bielik_1_5b_v3,pl,object,sadness,shuffled_emotion,0.8696280181407928,0.07989665130153296,1.0,10
bielik_1_5b_v3,pl,person,anger,emotion,0.8838071346282959,0.05628813719376916,1.0,10
bielik_1_5b_v3,pl,person,anger,identity,0.9412839829921722,-0.0015888466499746003,1.0,10
bielik_1_5b_v3,pl,person,anger,random,0.6718783140182495,0.004160998109728082,1.0,10
bielik_1_5b_v3,pl,person,anger,shuffled_emotion,0.883586847782135,0.0660807254724204,1.0,10
bielik_1_5b_v3,pl,person,disgust,emotion,0.8793419897556305,0.08035647596698249,1.0,10
bielik_1_5b_v3,pl,person,disgust,identity,0.9412839829921722,0.00231525439303367,1.0,10
bielik_1_5b_v3,pl,person,disgust,random,0.6624305963516235,0.00936182129662481,1.0,10
bielik_1_5b_v3,pl,person,disgust,shuffled_emotion,0.8837311446666718,0.0636364448582753,1.0,10
bielik_1_5b_v3,pl,person,joy,emotion,0.8837311446666718,0.05444127982482309,1.0,10
bielik_1_5b_v3,pl,person,joy,identity,0.9412839829921722,-0.0028920188546180995,1.0,10
bielik_1_5b_v3,pl,person,joy,random,0.6602570831775665,-0.007264739088714139,1.0,10
bielik_1_5b_v3,pl,person,joy,shuffled_emotion,0.8838071346282959,0.05444127982482309,1.0,10
bielik_1_5b_v3,pl,person,sadness,emotion,0.883586847782135,0.07084503611549729,1.0,10
bielik_1_5b_v3,pl,person,sadness,identity,0.9412839829921722,0.0019490185193717293,1.0,10
bielik_1_5b_v3,pl,person,sadness,random,0.6658114850521087,0.00194901851937173,1.0,10
bielik_1_5b_v3,pl,person,sadness,shuffled_emotion,0.8793419897556305,0.0765849325805902,1.0,10
bielik_1_5b_v3,pl,place,anger,emotion,0.8790195405483245,0.03313906476832924,1.0,10
bielik_1_5b_v3,pl,place,anger,identity,0.9378216683864593,0.00770608377642929,1.0,10
bielik_1_5b_v3,pl,place,anger,random,0.6684069991111755,0.01312396808061747,1.0,10
bielik_1_5b_v3,pl,place,anger,shuffled_emotion,0.8777368009090424,0.03313906476832924,1.0,10
bielik_1_5b_v3,pl,place,disgust,emotion,0.8728541016578675,0.047542101284489,1.0,10
bielik_1_5b_v3,pl,place,disgust,identity,0.9378216683864593,0.008038647077046329,1.0,10
bielik_1_5b_v3,pl,place,disgust,random,0.673497098684311,0.00717640498187392,1.0,10
bielik_1_5b_v3,pl,place,disgust,shuffled_emotion,0.8771386027336121,0.036352712986990776,1.0,10
bielik_1_5b_v3,pl,place,joy,emotion,0.8771386027336121,0.02516595143824814,1.0,10
bielik_1_5b_v3,pl,place,joy,identity,0.9378216683864593,0.00050524128600955,1.0,10
bielik_1_5b_v3,pl,place,joy,random,0.6734004557132721,0.0068053063936531506,1.0,10
bielik_1_5b_v3,pl,place,joy,shuffled_emotion,0.8790195405483245,0.02516595143824814,1.0,10
bielik_1_5b_v3,pl,place,sadness,emotion,0.8777368009090424,0.03463415866717695,1.0,10
bielik_1_5b_v3,pl,place,sadness,identity,0.9378216683864593,0.00877866884693504,1.0,10
bielik_1_5b_v3,pl,place,sadness,random,0.6413449704647064,0.01738293590024114,1.0,10
bielik_1_5b_v3,pl,place,sadness,shuffled_emotion,0.8728541016578675,0.043669520784169406,1.0,10
bielik_1_5b_v3,pl,situation,anger,emotion,0.8873057842254639,0.055567295756190994,1.0,10
bielik_1_5b_v3,pl,situation,anger,identity,0.9405133783817291,0.006460689660161731,1.0,10
bielik_1_5b_v3,pl,situation,anger,random,0.6751492500305176,0.01964606791734695,1.0,10
bielik_1_5b_v3,pl,situation,anger,shuffled_emotion,0.8879711985588074,0.055567295756190994,1.0,10
bielik_1_5b_v3,pl,situation,disgust,emotion,0.8846234738826751,0.07356171212159093,1.0,10
bielik_1_5b_v3,pl,situation,disgust,identity,0.9405133783817291,0.018387299170717568,1.0,10
bielik_1_5b_v3,pl,situation,disgust,random,0.672609931230545,0.01838729917071757,1.0,10
bielik_1_5b_v3,pl,situation,disgust,shuffled_emotion,0.8893720507621765,0.06934164627455172,1.0,10
bielik_1_5b_v3,pl,situation,joy,emotion,0.8893720507621765,0.060448700119741225,1.0,10
bielik_1_5b_v3,pl,situation,joy,identity,0.9405133783817291,0.011031816457398206,1.0,10
bielik_1_5b_v3,pl,situation,joy,random,0.6717464327812195,0.023681073565967357,1.0,10
bielik_1_5b_v3,pl,situation,joy,shuffled_emotion,0.8873057842254639,0.060448700119741225,1.0,10
bielik_1_5b_v3,pl,situation,sadness,emotion,0.8879711985588074,0.06320347823202607,1.0,10
bielik_1_5b_v3,pl,situation,sadness,identity,0.9405133783817291,0.01397380721755325,1.0,10
bielik_1_5b_v3,pl,situation,sadness,random,0.6758711934089661,0.01644575293175876,1.0,10
bielik_1_5b_v3,pl,situation,sadness,shuffled_emotion,0.8846234738826751,0.06695356443524357,1.0,10
bielik_1_5b_v3,zh,food,anger,emotion,0.6327764809131622,0.05831007016822694,1.0,10
bielik_1_5b_v3,zh,food,anger,identity,0.7707633137702942,-0.006300408486276851,1.0,10
bielik_1_5b_v3,zh,food,anger,random,0.5468489050865173,-0.006300408486276851,1.0,10
bielik_1_5b_v3,zh,food,anger,shuffled_emotion,0.6528239846229553,0.044691239483654485,1.0,10
bielik_1_5b_v3,zh,food,disgust,emotion,0.6348957777023315,0.08356840088963503,1.0,10
bielik_1_5b_v3,zh,food,disgust,identity,0.7707633137702942,0.015832834690809244,1.0,10
bielik_1_5b_v3,zh,food,disgust,random,0.5372401654720307,0.015832834690809244,1.0,10
bielik_1_5b_v3,zh,food,disgust,shuffled_emotion,0.6522691547870636,0.07004979550838467,1.0,10
bielik_1_5b_v3,zh,food,joy,emotion,0.6522691547870636,0.07066149469465013,1.0,10
bielik_1_5b_v3,zh,food,joy,identity,0.7707633137702942,0.018714153580367567,1.0,10
bielik_1_5b_v3,zh,food,joy,random,0.5381691098213196,0.013636164553463458,1.0,10
bielik_1_5b_v3,zh,food,joy,shuffled_emotion,0.6327764809131622,0.07590028997510669,1.0,10
bielik_1_5b_v3,zh,food,sadness,emotion,0.6528239846229553,0.049009517394006205,1.0,10
bielik_1_5b_v3,zh,food,sadness,identity,0.7707633137702942,-0.0039935065433383,1.0,10
bielik_1_5b_v3,zh,food,sadness,random,0.5591733932495118,0.009186691604554641,1.0,10
bielik_1_5b_v3,zh,food,sadness,shuffled_emotion,0.6348957777023315,0.05750520359724755,1.0,10
bielik_1_5b_v3,zh,object,anger,emotion,0.6840842425823211,0.08771438524127004,1.0,10
bielik_1_5b_v3,zh,object,anger,identity,0.8290546894073486,0.03253021836280822,1.0,10
bielik_1_5b_v3,zh,object,anger,random,0.5815920531749725,0.03328638672828673,1.0,10
bielik_1_5b_v3,zh,object,anger,shuffled_emotion,0.7011471271514893,0.08254164084792134,1.0,10
bielik_1_5b_v3,zh,object,disgust,emotion,0.6747685492038726,0.07646750700660047,1.0,10
bielik_1_5b_v3,zh,object,disgust,identity,0.8290546894073486,0.027448516385629763,1.0,10
bielik_1_5b_v3,zh,object,disgust,random,0.5830564022064209,0.022294735955074422,1.0,10
bielik_1_5b_v3,zh,object,disgust,shuffled_emotion,0.689347219467163,0.06952964500524103,1.0,10
bielik_1_5b_v3,zh,object,joy,emotion,0.689347219467163,0.05954764739144595,1.0,10
bielik_1_5b_v3,zh,object,joy,identity,0.8290546894073486,0.013584560272283877,1.0,10
bielik_1_5b_v3,zh,object,joy,random,0.5998287856578827,0.016394751635380116,1.0,10
bielik_1_5b_v3,zh,object,joy,shuffled_emotion,0.6840842425823211,0.05683336809743197,1.0,10
bielik_1_5b_v3,zh,object,sadness,emotion,0.7011471271514893,0.07286644154228268,1.0,10
bielik_1_5b_v3,zh,object,sadness,identity,0.8290546894073486,0.02912650355137885,1.0,10
bielik_1_5b_v3,zh,object,sadness,random,0.5960551559925079,0.024119562702253468,1.0,10
bielik_1_5b_v3,zh,object,sadness,shuffled_emotion,0.6747685492038726,0.074894179450348,1.0,10
bielik_1_5b_v3,zh,person,anger,emotion,0.6661300122737884,0.2662456899881363,1.0,10
bielik_1_5b_v3,zh,person,anger,identity,0.7497489869594574,0.18064360767602916,1.0,10
bielik_1_5b_v3,zh,person,anger,random,0.5383422911167145,0.18974398821592328,1.0,10
bielik_1_5b_v3,zh,person,anger,shuffled_emotion,0.687285041809082,0.2330392628908157,1.0,10
bielik_1_5b_v3,zh,person,disgust,emotion,0.6678366363048553,0.26779562830924986,1.0,10
bielik_1_5b_v3,zh,person,disgust,identity,0.7497489869594574,0.17740025222301478,1.0,10
bielik_1_5b_v3,zh,person,disgust,random,0.5330922812223434,0.17740025222301478,1.0,10
bielik_1_5b_v3,zh,person,disgust,shuffled_emotion,0.6943879187107086,0.25287289321422574,1.0,10
bielik_1_5b_v3,zh,person,joy,emotion,0.6943879187107086,0.2705683514475822,1.0,10
bielik_1_5b_v3,zh,person,joy,identity,0.7497489869594574,0.18296620845794673,1.0,10
bielik_1_5b_v3,zh,person,joy,random,0.523280918598175,0.18296620845794673,1.0,10
bielik_1_5b_v3,zh,person,joy,shuffled_emotion,0.6661300122737884,0.28080317527055737,1.0,10
bielik_1_5b_v3,zh,person,sadness,emotion,0.687285041809082,0.23016933649778365,1.0,10
bielik_1_5b_v3,zh,person,sadness,identity,0.7497489869594574,0.16458720564842222,1.0,10
bielik_1_5b_v3,zh,person,sadness,random,0.5327092349529267,0.16458720564842222,1.0,10
bielik_1_5b_v3,zh,person,sadness,shuffled_emotion,0.6678366363048553,0.2488430306315422,1.0,10
bielik_1_5b_v3,zh,place,anger,emotion,0.6624914109706879,0.062431233888491956,1.0,10
bielik_1_5b_v3,zh,place,anger,identity,0.8049025356769561,0.015318557713180761,1.0,10
bielik_1_5b_v3,zh,place,anger,random,0.5480401039123535,-0.0006379957310855486,1.0,10
bielik_1_5b_v3,zh,place,anger,shuffled_emotion,0.6894239544868469,0.06081219292245801,1.0,10
bielik_1_5b_v3,zh,place,disgust,emotion,0.6644461870193481,0.06900348248891527,1.0,10
bielik_1_5b_v3,zh,place,disgust,identity,0.8049025356769561,0.01453375327400861,1.0,10
bielik_1_5b_v3,zh,place,disgust,random,0.559015429019928,0.002226273668929932,1.0,10
bielik_1_5b_v3,zh,place,disgust,shuffled_emotion,0.6856284141540527,0.06900348248891527,1.0,10
bielik_1_5b_v3,zh,place,joy,emotion,0.6856284141540527,0.07776852278038855,1.0,10
bielik_1_5b_v3,zh,place,joy,identity,0.8049025356769561,0.018981137126684162,1.0,10
bielik_1_5b_v3,zh,place,joy,random,0.5815035283565522,0.018981137126684155,1.0,10
bielik_1_5b_v3,zh,place,joy,shuffled_emotion,0.6624914109706879,0.06743876086547966,1.0,10
bielik_1_5b_v3,zh,place,sadness,emotion,0.6894239544868469,0.07229043785482642,1.0,10
bielik_1_5b_v3,zh,place,sadness,identity,0.8049025356769561,0.02617102777585385,1.0,10
bielik_1_5b_v3,zh,place,sadness,random,0.5769244074821472,0.03308695154264567,1.0,10
bielik_1_5b_v3,zh,place,sadness,shuffled_emotion,0.6644461870193481,0.07788878995925184,1.0,10
bielik_1_5b_v3,zh,situation,anger,emotion,0.6050790190696717,0.0525534871034324,1.0,10
bielik_1_5b_v3,zh,situation,anger,identity,0.7397801399230957,-0.045609237719327185,1.0,10
bielik_1_5b_v3,zh,situation,anger,random,0.5361506581306458,-0.03960373485460875,1.0,10
bielik_1_5b_v3,zh,situation,anger,shuffled_emotion,0.627143919467926,0.04156374325975774,1.0,10
bielik_1_5b_v3,zh,situation,disgust,emotion,0.6070146501064301,0.05977373081259426,1.0,10
bielik_1_5b_v3,zh,situation,disgust,identity,0.7397801399230957,-0.0402800251264125,1.0,10
bielik_1_5b_v3,zh,situation,disgust,random,0.5432641744613648,-0.06666103210300205,1.0,10
bielik_1_5b_v3,zh,situation,disgust,shuffled_emotion,0.6256518244743348,0.05239603775553402,1.0,10
bielik_1_5b_v3,zh,situation,joy,emotion,0.6256518244743348,0.06003099679946896,1.0,10
bielik_1_5b_v3,zh,situation,joy,identity,0.7397801399230957,-0.03288150280714035,1.0,10
bielik_1_5b_v3,zh,situation,joy,random,0.5342429578304291,-0.01916678957641125,1.0,10
bielik_1_5b_v3,zh,situation,joy,shuffled_emotion,0.6050790190696717,0.06513633579015729,1.0,10
bielik_1_5b_v3,zh,situation,sadness,emotion,0.627143919467926,0.04992970498278733,1.0,10
bielik_1_5b_v3,zh,situation,sadness,identity,0.7397801399230957,-0.030740097444504493,1.0,10
bielik_1_5b_v3,zh,situation,sadness,random,0.5209000796079636,-0.029245128482580172,1.0,10
bielik_1_5b_v3,zh,situation,sadness,shuffled_emotion,0.6070146501064301,0.058459427673369604,1.0,10
gemini,en,food,anger,emotion,0.5008384943008423,0.03473567189648745,1.0,10
gemini,en,food,anger,identity,0.6713498294353485,0.00776818487793207,1.0,10
gemini,en,food,anger,random,0.4822425603866577,0.013440201058983792,1.0,10
gemini,en,food,anger,shuffled_emotion,0.517186039686203,0.03477832768112419,1.0,10
gemini,en,food,disgust,emotion,0.51599680185318,0.08119346085004506,1.0,10
gemini,en,food,disgust,identity,0.6713498294353485,0.00933756665326654,1.0,10
gemini,en,food,disgust,random,0.4716734290122986,0.009337566653266538,1.0,10
gemini,en,food,disgust,shuffled_emotion,0.49540049731731417,0.011692536273039868,1.0,10
gemini,en,food,joy,emotion,0.49540049731731417,0.02784890173934395,1.0,10
gemini,en,food,joy,identity,0.6713498294353485,0.006977210147306301,1.0,10
gemini,en,food,joy,random,0.4808934718370438,0.0015162895899265803,1.0,10
gemini,en,food,joy,shuffled_emotion,0.5008384943008423,0.00981655218638478,1.0,10
gemini,en,food,sadness,emotion,0.517186039686203,0.038165522564668194,1.0,10
gemini,en,food,sadness,identity,0.6713498294353485,0.0025680678081698902,1.0,10
gemini,en,food,sadness,random,0.48385377526283263,-0.00659321899292987,1.0,10
gemini,en,food,sadness,shuffled_emotion,0.51599680185318,0.04789909591199827,1.0,10
gemini,en,object,anger,emotion,0.4788371503353119,0.09574451670050617,1.0,10
gemini,en,object,anger,identity,0.646011233329773,0.04266088483855126,1.0,10
gemini,en,object,anger,random,0.4531977742910385,0.048651759233325695,1.0,10
gemini,en,object,anger,shuffled_emotion,0.490471413731575,0.0761065630242228,1.0,10
gemini,en,object,disgust,emotion,0.47342912256717684,0.07582090739160771,1.0,10
gemini,en,object,disgust,identity,0.646011233329773,0.02479815911501643,1.0,10
gemini,en,object,disgust,random,0.46084797084331514,0.022960532642900912,1.0,10
gemini,en,object,disgust,shuffled_emotion,0.48167665898799894,0.041676934063434555,1.0,10
gemini,en,object,joy,emotion,0.48167665898799894,0.08192188292741773,1.0,10
gemini,en,object,joy,identity,0.646011233329773,0.05649792365729804,1.0,10
gemini,en,object,joy,random,0.46226421892642977,0.05962054617702957,1.0,10
gemini,en,object,joy,shuffled_emotion,0.4788371503353119,0.06906821783632036,1.0,10
gemini,en,object,sadness,emotion,0.490471413731575,0.07800242863595482,1.0,10
gemini,en,object,sadness,identity,0.646011233329773,0.04008134696632619,1.0,10
gemini,en,object,sadness,random,0.45246977508068087,0.03839574400335546,1.0,10
gemini,en,object,sadness,shuffled_emotion,0.47342912256717684,0.06984143592417237,1.0,10
gemini,en,person,anger,emotion,0.4855292707681656,0.0930560926441103,1.0,10
gemini,en,person,anger,identity,0.6379205048084259,-0.00634410553611812,1.0,10
gemini,en,person,anger,random,0.45482294261455536,-0.00634410553611812,1.0,10
gemini,en,person,anger,shuffled_emotion,0.5074393540620804,0.0287554629612714,1.0,10
gemini,en,person,disgust,emotion,0.4721636712551117,0.0681046035606414,1.0,10
gemini,en,person,disgust,identity,0.6379205048084259,-0.0052395287435501705,1.0,10
gemini,en,person,disgust,random,0.45075455904006956,-0.00992324179969726,1.0,10
gemini,en,person,disgust,shuffled_emotion,0.48249593675136565,0.0005745912436395898,1.0,10
gemini,en,person,joy,emotion,0.48249593675136565,0.0567964228335768,1.0,10
gemini,en,person,joy,identity,0.6379205048084259,0.00477542574517431,1.0,10
gemini,en,person,joy,random,0.4638253033161163,-0.00882706181146201,1.0,10
gemini,en,person,joy,shuffled_emotion,0.4855292707681656,0.02817915845662352,1.0,10
gemini,en,person,sadness,emotion,0.5074393540620804,0.08566683947574343,1.0,10
gemini,en,person,sadness,identity,0.6379205048084259,-0.00701577907893806,1.0,10
gemini,en,person,sadness,random,0.4470402240753174,-0.00701577907893806,1.0,10
gemini,en,person,sadness,shuffled_emotion,0.4721636712551117,0.0382528838003054,1.0,10
gemini,en,place,anger,emotion,0.4553681701421738,0.08101720474660393,1.0,10
gemini,en,place,anger,identity,0.6081911742687225,0.03716318565420803,1.0,10
gemini,en,place,anger,random,0.43618265390396116,0.039971404103562216,1.0,10
gemini,en,place,anger,shuffled_emotion,0.47096468806266784,0.062039023265242535,1.0,10
gemini,en,place,disgust,emotion,0.4633727341890335,0.11400433741509912,1.0,10
gemini,en,place,disgust,identity,0.6081911742687225,0.051054458785802094,1.0,10
gemini,en,place,disgust,random,0.44259175658226013,0.054228965472429946,1.0,10
gemini,en,place,disgust,shuffled_emotion,0.4406462341547012,0.060386633966118076,1.0,10
gemini,en,place,joy,emotion,0.4406462341547012,0.0390469365753233,1.0,10
gemini,en,place,joy,identity,0.6081911742687225,0.01593182715587315,1.0,10
gemini,en,place,joy,random,0.42053860127925874,0.013632666086778,1.0,10
gemini,en,place,joy,shuffled_emotion,0.4553681701421738,0.01947155725210902,1.0,10
gemini,en,place,sadness,emotion,0.47096468806266784,0.07701889462769027,1.0,10
gemini,en,place,sadness,identity,0.6081911742687225,0.02390805531758811,1.0,10
gemini,en,place,sadness,random,0.4274368047714233,0.025419810158200516,1.0,10
gemini,en,place,sadness,shuffled_emotion,0.4633727341890335,0.06896220035850997,1.0,10
gemini,en,situation,anger,emotion,0.4750231832265854,0.04565813746303319,1.0,10
gemini,en,situation,anger,identity,0.6177749752998352,0.025246974406763927,1.0,10
gemini,en,situation,anger,random,0.4421718746423721,0.02410362255759538,1.0,10
gemini,en,situation,anger,shuffled_emotion,0.4944053113460541,0.04333934653550385,1.0,10
gemini,en,situation,disgust,emotion,0.46236440539360046,0.028654792066663482,1.0,10
gemini,en,situation,disgust,identity,0.6177749752998352,0.009483830211684101,1.0,10
gemini,en,situation,disgust,random,0.4347859352827072,-0.006188081623986349,1.0,10
gemini,en,situation,disgust,shuffled_emotion,0.4850042313337326,0.01349755777046085,1.0,10
gemini,en,situation,joy,emotion,0.4850042313337326,0.12228792384266847,1.0,10
gemini,en,situation,joy,identity,0.6177749752998352,0.029503730265423612,1.0,10
gemini,en,situation,joy,random,0.4394690692424774,0.03759440365247424,1.0,10
gemini,en,situation,joy,shuffled_emotion,0.4750231832265854,0.03731274115853006,1.0,10
gemini,en,situation,sadness,emotion,0.4944053113460541,0.05540975760668513,1.0,10
gemini,en,situation,sadness,identity,0.6177749752998352,0.02897674492560328,1.0,10
gemini,en,situation,sadness,random,0.4406783938407898,0.012444701744243532,1.0,10
gemini,en,situation,sadness,shuffled_emotion,0.46236440539360046,0.04618083126842973,1.0,10
gemini,pl,food,anger,emotion,0.5742872416973114,0.03019198374822733,1.0,10
gemini,pl,food,anger,identity,0.730197525024414,0.013182497490197408,1.0,10
gemini,pl,food,anger,random,0.5042147397994995,0.01838668873533604,1.0,10
gemini,pl,food,anger,shuffled_emotion,0.5890179812908173,0.026144403498619774,1.0,10
gemini,pl,food,disgust,emotion,0.5820647776126862,0.04578768862411377,1.0,10
gemini,pl,food,disgust,identity,0.730197525024414,0.006389841716736561,1.0,10
gemini,pl,food,disgust,random,0.5090430706739426,0.019756815489381553,1.0,10
gemini,pl,food,disgust,shuffled_emotion,0.5797058939933777,0.008840843196958322,1.0,10
gemini,pl,food,joy,emotion,0.5797058939933777,0.008651684597134593,1.0,10
gemini,pl,food,joy,identity,0.730197525024414,-0.0017426960170268875,1.0,10
gemini,pl,food,joy,random,0.5068580120801925,0.0005763874389231324,1.0,10
gemini,pl,food,joy,shuffled_emotion,0.5742872416973114,-0.005191169772297117,1.0,10
gemini,pl,food,sadness,emotion,0.5890179812908173,0.03111459780484433,1.0,10
gemini,pl,food,sadness,identity,0.730197525024414,0.013734850473701932,1.0,10
gemini,pl,food,sadness,random,0.523589912056923,0.01750655174255367,1.0,10
gemini,pl,food,sadness,shuffled_emotion,0.5820647776126862,0.03132745637558395,1.0,10
gemini,pl,object,anger,emotion,0.5490464091300964,0.06292523853480811,1.0,10
gemini,pl,object,anger,identity,0.6909459948539733,0.04160209987312552,1.0,10
gemini,pl,object,anger,random,0.490565225481987,0.05118495766073461,1.0,10
gemini,pl,object,anger,shuffled_emotion,0.5660129308700561,0.06596265025436875,1.0,10
gemini,pl,object,disgust,emotion,0.547176080942154,0.07594706285744902,1.0,10
gemini,pl,object,disgust,identity,0.6909459948539733,0.029487264039926197,1.0,10
gemini,pl,object,disgust,random,0.49022077023983,0.0391264314530417,1.0,10
gemini,pl,object,disgust,shuffled_emotion,0.566795814037323,0.05080080833286042,1.0,10
gemini,pl,object,joy,emotion,0.566795814037323,0.08858988471329206,1.0,10
gemini,pl,object,joy,identity,0.6909459948539733,0.06329092960804696,1.0,10
gemini,pl,object,joy,random,0.48415820896625517,0.07614824604243034,1.0,10
gemini,pl,object,joy,shuffled_emotion,0.5490464091300964,0.08409381918609135,1.0,10
gemini,pl,object,sadness,emotion,0.5660129308700561,0.0881277915090322,1.0,10
gemini,pl,object,sadness,identity,0.6909459948539733,0.04737179903313513,1.0,10
gemini,pl,object,sadness,random,0.4866498112678528,0.04737179903313513,1.0,10
gemini,pl,object,sadness,shuffled_emotion,0.547176080942154,0.0738010130822658,1.0,10
gemini,pl,person,anger,emotion,0.5432754278182983,0.09879126418381926,1.0,10
gemini,pl,person,anger,identity,0.6703517854213714,0.01283185402862724,1.0,10
gemini,pl,person,anger,random,0.4692653208971024,0.01050317953340706,1.0,10
gemini,pl,person,anger,shuffled_emotion,0.5492784142494201,0.06427397616207595,1.0,10
gemini,pl,person,disgust,emotion,0.5419572234153748,0.0984083176590502,1.0,10
gemini,pl,person,disgust,identity,0.6703517854213714,-0.01078208507969974,1.0,10
gemini,pl,person,disgust,random,0.46260534822940824,-0.01339076906442641,1.0,10
gemini,pl,person,disgust,shuffled_emotion,0.5479704976081848,0.01713864048942921,1.0,10
gemini,pl,person,joy,emotion,0.5479704976081848,0.06346812280826267,1.0,10
gemini,pl,person,joy,identity,0.6703517854213714,0.006017017224803551,1.0,10
gemini,pl,person,joy,random,0.48546813130378724,5.2905315533280374e-05,1.0,10
gemini,pl,person,joy,shuffled_emotion,0.5432754278182983,0.04848199984990058,1.0,10
gemini,pl,person,sadness,emotion,0.5492784142494201,0.09031148795038457,1.0,10
gemini,pl,person,sadness,identity,0.6703517854213714,0.006253619119524939,1.0,10
gemini,pl,person,sadness,random,0.4750045627355576,0.00849648229777811,1.0,10
gemini,pl,person,sadness,shuffled_emotion,0.5419572234153748,0.04849111679941413,1.0,10
gemini,pl,place,anger,emotion,0.5422368168830871,0.0546955911442637,1.0,10
gemini,pl,place,anger,identity,0.694973349571228,0.028936049528419928,1.0,10
gemini,pl,place,anger,random,0.4957414597272873,0.02967593204230065,1.0,10
gemini,pl,place,anger,shuffled_emotion,0.5601415276527405,0.03481626268476244,1.0,10
gemini,pl,place,disgust,emotion,0.5430990993976593,0.06830883175134654,1.0,10
gemini,pl,place,disgust,identity,0.694973349571228,0.023399644391611192,1.0,10
gemini,pl,place,disgust,random,0.49937180876731874,0.01851491061970588,1.0,10
gemini,pl,place,disgust,shuffled_emotion,0.5518460929393768,0.018794532073661642,1.0,10
gemini,pl,place,joy,emotion,0.5518460929393768,0.02825129898264999,1.0,10
gemini,pl,place,joy,identity,0.694973349571228,0.01752931410446758,1.0,10
gemini,pl,place,joy,random,0.48732352554798125,0.016753062745556192,1.0,10
gemini,pl,place,joy,shuffled_emotion,0.5422368168830871,0.02092980276793237,1.0,10
gemini,pl,place,sadness,emotion,0.5601415276527405,0.05493682269006963,1.0,10
gemini,pl,place,sadness,identity,0.694973349571228,0.03455527592450375,1.0,10
gemini,pl,place,sadness,random,0.503655132651329,0.02711176592856641,1.0,10
gemini,pl,place,sadness,shuffled_emotion,0.5430990993976593,0.056771937198936875,1.0,10
gemini,pl,situation,anger,emotion,0.5535131752490997,0.04208458364009854,1.0,10
gemini,pl,situation,anger,identity,0.6887045741081238,0.03279583826661108,1.0,10
gemini,pl,situation,anger,random,0.47591184079647064,0.03346480466425416,1.0,10
gemini,pl,situation,anger,shuffled_emotion,0.5755003273487092,0.04253119770437477,1.0,10
gemini,pl,situation,disgust,emotion,0.5568454265594482,0.08300733938813205,1.0,10
gemini,pl,situation,disgust,identity,0.6887045741081238,0.06001623123884196,1.0,10
gemini,pl,situation,disgust,random,0.49049234986305235,0.06001623123884196,1.0,10
gemini,pl,situation,disgust,shuffled_emotion,0.5726163864135743,0.04014699533581728,1.0,10
gemini,pl,situation,joy,emotion,0.5726163864135743,0.07933265939354893,1.0,10
gemini,pl,situation,joy,identity,0.6887045741081238,0.03788416573079298,1.0,10
gemini,pl,situation,joy,random,0.48648254573345184,0.03788416573079298,1.0,10
gemini,pl,situation,joy,shuffled_emotion,0.5535131752490997,0.04398833477171133,1.0,10
gemini,pl,situation,sadness,emotion,0.5755003273487092,0.0687328089959919,1.0,10
gemini,pl,situation,sadness,identity,0.6887045741081238,0.04466709895059463,1.0,10
gemini,pl,situation,sadness,random,0.4826648533344269,0.04466709895059463,1.0,10
gemini,pl,situation,sadness,shuffled_emotion,0.5568454265594482,0.04726873682811852,1.0,10
gemini,zh,food,anger,emotion,0.544760936498642,0.042120125237852316,1.0,10
gemini,zh,food,anger,identity,0.7082806348800659,0.0147468569688499,1.0,10
gemini,zh,food,anger,random,0.5013473868370056,0.02065440407022833,1.0,10
gemini,zh,food,anger,shuffled_emotion,0.5737954437732696,0.04535475904121992,1.0,10
gemini,zh,food,disgust,emotion,0.5769440174102783,0.09452513409778474,1.0,10
gemini,zh,food,disgust,identity,0.7082806348800659,0.030176846683025383,1.0,10
gemini,zh,food,disgust,random,0.4974862694740295,0.01816645357757808,1.0,10
gemini,zh,food,disgust,shuffled_emotion,0.547460812330246,0.016788943856954598,1.0,10
gemini,zh,food,joy,emotion,0.547460812330246,0.008532681269571171,1.0,10
gemini,zh,food,joy,identity,0.7082806348800659,-0.008582938881590962,1.0,10
gemini,zh,food,joy,random,0.4948347002267838,-0.010555451037362211,1.0,10
gemini,zh,food,joy,shuffled_emotion,0.544760936498642,-0.01173252309672532,1.0,10
gemini,zh,food,sadness,emotion,0.5737954437732696,0.09550553169101472,1.0,10
gemini,zh,food,sadness,identity,0.7082806348800659,0.06681520175188775,1.0,10
gemini,zh,food,sadness,random,0.4994006961584091,0.05992339011281724,1.0,10
gemini,zh,food,sadness,shuffled_emotion,0.5769440174102783,0.10273395236581559,1.0,10
gemini,zh,object,anger,emotion,0.49624321460723875,0.046777416393160784,1.0,10
gemini,zh,object,anger,identity,0.6528147518634796,0.01967344186268745,1.0,10
gemini,zh,object,anger,random,0.4533286660909653,0.01987098208628593,1.0,10
gemini,zh,object,anger,shuffled_emotion,0.5128618896007537,0.04167347066104408,1.0,10
gemini,zh,object,disgust,emotion,0.5060443103313446,0.054491312429308825,1.0,10
gemini,zh,object,disgust,identity,0.6528147518634796,0.013456889800727321,1.0,10
gemini,zh,object,disgust,random,0.4613545656204224,0.01169878812506791,1.0,10
gemini,zh,object,disgust,shuffled_emotion,0.5112803518772125,0.030703115276992272,1.0,10
gemini,zh,object,joy,emotion,0.5112803518772125,0.055112362839281524,1.0,10
gemini,zh,object,joy,identity,0.6528147518634796,0.02844339087605472,1.0,10
gemini,zh,object,joy,random,0.45147804319858553,0.03102279379963873,1.0,10
gemini,zh,object,joy,shuffled_emotion,0.49624321460723875,0.037506087403744406,1.0,10
gemini,zh,object,sadness,emotion,0.5128618896007537,0.08053456917405125,1.0,10
gemini,zh,object,sadness,identity,0.6528147518634796,0.03000647276639936,1.0,10
gemini,zh,object,sadness,random,0.4673929214477539,0.03068658038973806,1.0,10
gemini,zh,object,sadness,shuffled_emotion,0.5060443103313446,0.06264425106346602,1.0,10
gemini,zh,person,anger,emotion,0.5317144274711609,0.11478055301122363,1.0,10
gemini,zh,person,anger,identity,0.6671766877174378,0.00256206030026076,1.0,10
gemini,zh,person,anger,random,0.46589456498622894,0.00222600190900264,1.0,10
gemini,zh,person,anger,shuffled_emotion,0.5354204654693604,0.04670111457817254,1.0,10
gemini,zh,person,disgust,emotion,0.5393989145755768,0.11719378102570768,1.0,10
gemini,zh,person,disgust,identity,0.6671766877174378,0.00904972814023492,1.0,10
gemini,zh,person,disgust,random,0.47593877017498015,0.01503618657588956,1.0,10
gemini,zh,person,disgust,shuffled_emotion,0.5276744782924652,0.02573502538725731,1.0,10
gemini,zh,person,joy,emotion,0.5276744782924652,0.08064957261085506,1.0,10
gemini,zh,person,joy,identity,0.6671766877174378,0.0208272670395672,1.0,10
gemini,zh,person,joy,random,0.48199874460697173,0.04778199549764392,1.0,10
gemini,zh,person,joy,shuffled_emotion,0.5317144274711609,0.040720958262681926,1.0,10
gemini,zh,person,sadness,emotion,0.5354204654693604,0.10055886521004138,1.0,10
gemini,zh,person,sadness,identity,0.6671766877174378,0.014981420757248962,1.0,10
gemini,zh,person,sadness,random,0.46334235966205595,0.014981420757248962,1.0,10
gemini,zh,person,sadness,shuffled_emotion,0.5393989145755768,0.06013155370019372,1.0,10
gemini,zh,place,anger,emotion,0.4841063886880875,0.07715520570054647,1.0,10
gemini,zh,place,anger,identity,0.6322934567928314,0.022809605067595808,1.0,10
gemini,zh,place,anger,random,0.44566517770290376,0.02144262003712353,1.0,10
gemini,zh,place,anger,shuffled_emotion,0.4928393453359604,0.06692514987662432,1.0,10
gemini,zh,place,disgust,emotion,0.4923911154270172,0.07390010631643232,1.0,10
gemini,zh,place,disgust,identity,0.6322934567928314,0.01166248363442716,1.0,10
gemini,zh,place,disgust,random,0.4480640202760696,0.02061502062715588,1.0,10
gemini,zh,place,disgust,shuffled_emotion,0.4860200583934784,0.032134971115738084,1.0,10
gemini,zh,place,joy,emotion,0.4860200583934784,0.045597440190613236,1.0,10
gemini,zh,place,joy,identity,0.6322934567928314,0.00178534798324109,1.0,10
gemini,zh,place,joy,random,0.4514364004135132,0.00658001136034727,1.0,10
gemini,zh,place,joy,shuffled_emotion,0.4841063886880875,0.00791548583656548,1.0,10
gemini,zh,place,sadness,emotion,0.4928393453359604,0.06794259808957573,1.0,10
gemini,zh,place,sadness,identity,0.6322934567928314,0.01289513753727078,1.0,10
gemini,zh,place,sadness,random,0.4472953826189041,0.029457115475088346,1.0,10
gemini,zh,place,sadness,shuffled_emotion,0.4923911154270172,0.05980309257283804,1.0,10
gemini,zh,situation,anger,emotion,0.5206383883953094,0.07725585512816903,1.0,10
gemini,zh,situation,anger,identity,0.6521502673625946,0.06552191618829963,1.0,10
gemini,zh,situation,anger,random,0.47271767556667327,0.05284676086157558,1.0,10
gemini,zh,situation,anger,shuffled_emotion,0.5369756519794464,0.06741013266146179,1.0,10
gemini,zh,situation,disgust,emotion,0.5258402645587921,0.08263097647577519,1.0,10
gemini,zh,situation,disgust,identity,0.6521502673625946,0.05773943299427622,1.0,10
gemini,zh,situation,disgust,random,0.4553668946027756,0.061507117934524944,1.0,10
gemini,zh,situation,disgust,shuffled_emotion,0.5427983999252319,0.04996176832355555,1.0,10
gemini,zh,situation,joy,emotion,0.5427983999252319,0.12940695621073242,1.0,10
gemini,zh,situation,joy,identity,0.6521502673625946,0.0264641403686255,1.0,10
gemini,zh,situation,joy,random,0.45605055093765257,0.0452151502948254,1.0,10
gemini,zh,situation,joy,shuffled_emotion,0.5206383883953094,0.03782933889888225,1.0,10
gemini,zh,situation,sadness,emotion,0.5369756519794464,0.08495774064213032,1.0,10
gemini,zh,situation,sadness,identity,0.6521502673625946,0.04459018707275387,1.0,10
gemini,zh,situation,sadness,random,0.45435892045497894,0.04768278934061524,1.0,10
gemini,zh,situation,sadness,shuffled_emotion,0.5258402645587921,0.06833954136818642,1.0,10
mmlw_roberta_large,en,food,anger,emotion,0.8688752055168152,0.042560823634266796,1.0,10
mmlw_roberta_large,en,food,anger,identity,0.9481348335742951,0.030974453501403286,1.0,10
mmlw_roberta_large,en,food,anger,random,0.6790645897388459,0.0391411859542131,1.0,10
mmlw_roberta_large,en,food,anger,shuffled_emotion,0.8803651630878448,0.03279913011938329,1.0,10
mmlw_roberta_large,en,food,disgust,emotion,0.8593455016613006,0.05259943753480907,1.0,10
mmlw_roberta_large,en,food,disgust,identity,0.9481348335742951,0.030574837885796992,1.0,10
mmlw_roberta_large,en,food,disgust,random,0.6861519157886505,0.0277064140886068,1.0,10
mmlw_roberta_large,en,food,disgust,shuffled_emotion,0.8567422807216645,0.03106185141950843,1.0,10
mmlw_roberta_large,en,food,joy,emotion,0.8567422807216645,0.0229349913075566,1.0,10
mmlw_roberta_large,en,food,joy,identity,0.9481348335742951,0.01480026247445492,1.0,10
mmlw_roberta_large,en,food,joy,random,0.6663573086261749,0.0171441931510344,1.0,10
mmlw_roberta_large,en,food,joy,shuffled_emotion,0.8688752055168152,0.02283180244266985,1.0,10
mmlw_roberta_large,en,food,sadness,emotion,0.8803651630878448,0.03171249525621531,1.0,10
mmlw_roberta_large,en,food,sadness,identity,0.9481348335742951,0.027947981562465408,1.0,10
mmlw_roberta_large,en,food,sadness,random,0.6926326990127564,0.028615526203066084,1.0,10
mmlw_roberta_large,en,food,sadness,shuffled_emotion,0.8593455016613006,0.04051334029063579,1.0,10
mmlw_roberta_large,en,object,anger,emotion,0.8314755380153656,0.01730802282690998,1.0,10
mmlw_roberta_large,en,object,anger,identity,0.9204078376293182,0.00372588615864512,1.0,10
mmlw_roberta_large,en,object,anger,random,0.6550275087356567,0.0029466891661286,1.0,10
mmlw_roberta_large,en,object,anger,shuffled_emotion,0.8488037586212158,0.01266318862326439,1.0,10
mmlw_roberta_large,en,object,disgust,emotion,0.8193506181240082,0.021956499991938428,1.0,10
mmlw_roberta_large,en,object,disgust,identity,0.9204078376293182,-0.0008682237938046598,1.0,10
mmlw_roberta_large,en,object,disgust,random,0.6413137495517731,0.0074139021802693186,1.0,10
mmlw_roberta_large,en,object,disgust,shuffled_emotion,0.8315472304821014,0.01290632565505798,1.0,10
mmlw_roberta_large,en,object,joy,emotion,0.8315472304821014,0.03438158342614766,1.0,10
mmlw_roberta_large,en,object,joy,identity,0.9204078376293182,0.01629259632900355,1.0,10
mmlw_roberta_large,en,object,joy,random,0.6548440456390381,0.01629259632900355,1.0,10
mmlw_roberta_large,en,object,joy,shuffled_emotion,0.8314755380153656,0.030267900601029362,1.0,10
mmlw_roberta_large,en,object,sadness,emotion,0.8488037586212158,0.023228053515776958,1.0,10
mmlw_roberta_large,en,object,sadness,identity,0.9204078376293182,0.00971642187796532,1.0,10
mmlw_roberta_large,en,object,sadness,random,0.6798352301120758,0.01457158536650239,1.0,10
mmlw_roberta_large,en,object,sadness,shuffled_emotion,0.8193506181240082,0.031159286061301788,1.0,10
mmlw_roberta_large,en,person,anger,emotion,0.8550826668739319,0.06178171308711167,1.0,10
mmlw_roberta_large,en,person,anger,identity,0.9327000617980957,-0.0032833013683557497,1.0,10
mmlw_roberta_large,en,person,anger,random,0.661878091096878,0.01193820347543805,1.0,10
mmlw_roberta_large,en,person,anger,shuffled_emotion,0.8683426022529602,0.0400330946780741,1.0,10
mmlw_roberta_large,en,person,disgust,emotion,0.8439886748790741,0.059834251832216946,1.0,10
mmlw_roberta_large,en,person,disgust,identity,0.9327000617980957,-0.00237734778784216,1.0,10
mmlw_roberta_large,en,person,disgust,random,0.6771135807037354,0.01526377713307736,1.0,10
mmlw_roberta_large,en,person,disgust,shuffled_emotion,0.8465361058712005,0.046647941041737764,1.0,10
mmlw_roberta_large,en,person,joy,emotion,0.8465361058712005,0.05754571533761914,1.0,10
mmlw_roberta_large,en,person,joy,identity,0.9327000617980957,0.00552963248919695,1.0,10
mmlw_roberta_large,en,person,joy,random,0.6621508419513702,0.00958560756407675,1.0,10
mmlw_roberta_large,en,person,joy,shuffled_emotion,0.8550826668739319,0.039661347214132496,1.0,10
mmlw_roberta_large,en,person,sadness,emotion,0.8683426022529602,0.051072849659249166,1.0,10
mmlw_roberta_large,en,person,sadness,identity,0.9327000617980957,0.007176987593993519,1.0,10
mmlw_roberta_large,en,person,sadness,random,0.6549002528190613,0.00478982510976491,1.0,10
mmlw_roberta_large,en,person,sadness,shuffled_emotion,0.8439886748790741,0.060854139458388044,1.0,10
mmlw_roberta_large,en,place,anger,emotion,0.8237904906272888,0.00445276671089233,1.0,10
mmlw_roberta_large,en,place,anger,identity,0.9146026074886322,-0.00583374998532233,1.0,10
mmlw_roberta_large,en,place,anger,random,0.655051326751709,-0.0062618347816169205,1.0,10
mmlw_roberta_large,en,place,anger,shuffled_emotion,0.8410442352294922,0.00445276671089233,1.0,10
mmlw_roberta_large,en,place,disgust,emotion,0.8132514417171478,0.00968737270450221,1.0,10
mmlw_roberta_large,en,place,disgust,identity,0.9146026074886322,-0.004451066919136761,1.0,10
mmlw_roberta_large,en,place,disgust,random,0.6582922279834748,0.0033292895997874697,1.0,10
mmlw_roberta_large,en,place,disgust,shuffled_emotion,0.8258670032024383,0.00707556804409252,1.0,10
mmlw_roberta_large,en,place,joy,emotion,0.8258670032024383,0.03060965246986596,1.0,10
mmlw_roberta_large,en,place,joy,identity,0.9146026074886322,0.0013684898847714302,1.0,10
mmlw_roberta_large,en,place,joy,random,0.6478586077690125,0.012170543964020909,1.0,10
mmlw_roberta_large,en,place,joy,shuffled_emotion,0.8237904906272888,0.020352170499973,1.0,10
mmlw_roberta_large,en,place,sadness,emotion,0.8410442352294922,0.01153346712235361,1.0,10
mmlw_roberta_large,en,place,sadness,identity,0.9146026074886322,-0.0048131139716133305,1.0,10
mmlw_roberta_large,en,place,sadness,random,0.6491136133670807,-0.0005623217439278801,1.0,10
mmlw_roberta_large,en,place,sadness,shuffled_emotion,0.8132514417171478,0.01273281543981283,1.0,10
mmlw_roberta_large,en,situation,anger,emotion,0.8463632583618164,0.052803413849323966,1.0,10
mmlw_roberta_large,en,situation,anger,identity,0.9149204432964325,0.046737983170896745,1.0,10
mmlw_roberta_large,en,situation,anger,random,0.6432639122009277,0.03677493389695881,1.0,10
mmlw_roberta_large,en,situation,anger,shuffled_emotion,0.8577786147594452,0.04731403486803172,1.0,10
mmlw_roberta_large,en,situation,disgust,emotion,0.8389062404632568,0.06087379101663824,1.0,10
mmlw_roberta_large,en,situation,disgust,identity,0.9149204432964325,0.05541782062500713,1.0,10
mmlw_roberta_large,en,situation,disgust,random,0.6486968696117401,0.052913793735206105,1.0,10
mmlw_roberta_large,en,situation,disgust,shuffled_emotion,0.837321263551712,0.06418060716241594,1.0,10
mmlw_roberta_large,en,situation,joy,emotion,0.837321263551712,0.06236032675951716,1.0,10
mmlw_roberta_large,en,situation,joy,identity,0.9149204432964325,0.04454902969300743,1.0,10
mmlw_roberta_large,en,situation,joy,random,0.6524753391742706,0.041857360675930946,1.0,10
mmlw_roberta_large,en,situation,joy,shuffled_emotion,0.8463632583618164,0.04382603615522382,1.0,10
mmlw_roberta_large,en,situation,sadness,emotion,0.8577786147594452,0.05296143358573313,1.0,10
mmlw_roberta_large,en,situation,sadness,identity,0.9149204432964325,0.04925774475559588,1.0,10
mmlw_roberta_large,en,situation,sadness,random,0.6302754819393158,0.04620995195582504,1.0,10
mmlw_roberta_large,en,situation,sadness,shuffled_emotion,0.8389062404632568,0.05150320185348387,1.0,10
mmlw_roberta_large,pl,food,anger,emotion,0.9242869317531586,0.020804625039454523,1.0,10
mmlw_roberta_large,pl,food,anger,identity,0.9610414206981659,0.010565536504145689,1.0,10
mmlw_roberta_large,pl,food,anger,random,0.7015943765640259,0.012101846595760421,1.0,10
mmlw_roberta_large,pl,food,anger,shuffled_emotion,0.8933975875377655,0.02589113231515508,1.0,10
mmlw_roberta_large,pl,food,disgust,emotion,0.8903629839420318,0.032878039870411144,1.0,10
mmlw_roberta_large,pl,food,disgust,identity,0.9610414206981659,0.00740962009876967,1.0,10
mmlw_roberta_large,pl,food,disgust,random,0.6777516305446625,-0.0035193807445466295,1.0,10
mmlw_roberta_large,pl,food,disgust,shuffled_emotion,0.9031006872653962,0.007726500276476152,1.0,10
mmlw_roberta_large,pl,food,joy,emotion,0.9031006872653962,0.00440949602052571,1.0,10
mmlw_roberta_large,pl,food,joy,identity,0.9610414206981659,0.0005175686441362196,1.0,10
mmlw_roberta_large,pl,food,joy,random,0.6918727457523346,0.0010693552671000397,1.0,10
mmlw_roberta_large,pl,food,joy,shuffled_emotion,0.9242869317531586,0.00575394323095681,1.0,10
mmlw_roberta_large,pl,food,sadness,emotion,0.8933975875377655,0.02852164740907024,1.0,10
mmlw_roberta_large,pl,food,sadness,identity,0.9610414206981659,0.012396724254358529,1.0,10
mmlw_roberta_large,pl,food,sadness,random,0.6566691160202026,0.006714586180169099,1.0,10
mmlw_roberta_large,pl,food,sadness,shuffled_emotion,0.8903629839420318,0.03510661298641929,1.0,10
mmlw_roberta_large,pl,object,anger,emotion,0.9213621020317078,0.0167771318927407,1.0,10
mmlw_roberta_large,pl,object,anger,identity,0.958031952381134,0.0061448149383068005,1.0,10
mmlw_roberta_large,pl,object,anger,random,0.6882737517356873,0.00646225167438387,1.0,10
mmlw_roberta_large,pl,object,anger,shuffled_emotion,0.8896794438362121,0.014815434440970401,1.0,10
mmlw_roberta_large,pl,object,disgust,emotion,0.886810165643692,0.02134141530841587,1.0,10
mmlw_roberta_large,pl,object,disgust,identity,0.958031952381134,0.007749819941818709,1.0,10
mmlw_roberta_large,pl,object,disgust,random,0.6932897925376892,0.0025187788764015,1.0,10
mmlw_roberta_large,pl,object,disgust,shuffled_emotion,0.9052265405654907,0.01008623340167104,1.0,10
mmlw_roberta_large,pl,object,joy,emotion,0.9052265405654907,0.02432930413633579,1.0,10
mmlw_roberta_large,pl,object,joy,identity,0.958031952381134,0.01435723183676596,1.0,10
mmlw_roberta_large,pl,object,joy,random,0.684718930721283,0.01844538860023017,1.0,10
mmlw_roberta_large,pl,object,joy,shuffled_emotion,0.9213621020317078,0.01891599232330913,1.0,10
mmlw_roberta_large,pl,object,sadness,emotion,0.8896794438362121,0.01744035461451858,1.0,10
mmlw_roberta_large,pl,object,sadness,identity,0.958031952381134,0.0082517865812406,1.0,10
mmlw_roberta_large,pl,object,sadness,random,0.6685269057750702,0.00908852787688375,1.0,10
mmlw_roberta_large,pl,object,sadness,shuffled_emotion,0.886810165643692,0.01838229382410645,1.0,10
mmlw_roberta_large,pl,person,anger,emotion,0.9066011607646942,0.02777595359366384,1.0,10
mmlw_roberta_large,pl,person,anger,identity,0.9432059347629547,-0.00035253840032965984,1.0,10
mmlw_roberta_large,pl,person,anger,random,0.6686560630798339,0.01208008064422755,1.0,10
mmlw_roberta_large,pl,person,anger,shuffled_emotion,0.877977979183197,0.03413931096438314,1.0,10
mmlw_roberta_large,pl,person,disgust,emotion,0.8755298137664795,0.05714130117557938,1.0,10
mmlw_roberta_large,pl,person,disgust,identity,0.9432059347629547,-0.00215267171151938,1.0,10
mmlw_roberta_large,pl,person,disgust,random,0.6571277797222137,0.0036515853833407005,1.0,10
mmlw_roberta_large,pl,person,disgust,shuffled_emotion,0.8922172307968139,0.011466675298288428,1.0,10
mmlw_roberta_large,pl,person,joy,emotion,0.8922172307968139,0.03081524982117113,1.0,10
mmlw_roberta_large,pl,person,joy,identity,0.9432059347629547,0.00664644665084777,1.0,10
mmlw_roberta_large,pl,person,joy,random,0.6807072639465332,0.00468085501343012,1.0,10
mmlw_roberta_large,pl,person,joy,shuffled_emotion,0.9066011607646942,0.032384566636756026,1.0,10
mmlw_roberta_large,pl,person,sadness,emotion,0.877977979183197,0.04201797260902819,1.0,10
mmlw_roberta_large,pl,person,sadness,identity,0.9432059347629547,-0.00148608763702214,1.0,10
mmlw_roberta_large,pl,person,sadness,random,0.6691561698913574,-0.0022214599419385,1.0,10
mmlw_roberta_large,pl,person,sadness,shuffled_emotion,0.8755298137664795,0.047750496258959135,1.0,10
mmlw_roberta_large,pl,place,anger,emotion,0.9044291377067566,-0.00656702383421359,1.0,10
mmlw_roberta_large,pl,place,anger,identity,0.9454559803009033,-0.008792095864191619,1.0,10
mmlw_roberta_large,pl,place,anger,random,0.6696907877922058,-0.011809201305732089,1.0,10
mmlw_roberta_large,pl,place,anger,shuffled_emotion,0.8681592345237732,-0.00396665991283951,1.0,10
mmlw_roberta_large,pl,place,disgust,emotion,0.8673231542110443,-0.0047217270825058,1.0,10
mmlw_roberta_large,pl,place,disgust,identity,0.9454559803009033,-0.010687508014962049,1.0,10
mmlw_roberta_large,pl,place,disgust,random,0.6736723840236664,-0.014851526962593158,1.0,10
mmlw_roberta_large,pl,place,disgust,shuffled_emotion,0.8876150369644165,-0.01124054039828476,1.0,10
mmlw_roberta_large,pl,place,joy,emotion,0.8876150369644165,0.006704474519938219,1.0,10
mmlw_roberta_large,pl,place,joy,identity,0.9454559803009033,-0.00407853624783456,1.0,10
mmlw_roberta_large,pl,place,joy,random,0.6538227140903473,-0.00223615365102888,1.0,10
mmlw_roberta_large,pl,place,joy,shuffled_emotion,0.9044291377067566,-0.00565789202228188,1.0,10
mmlw_roberta_large,pl,place,sadness,emotion,0.8681592345237732,-0.01128005045466123,1.0,10
mmlw_roberta_large,pl,place,sadness,identity,0.9454559803009033,-0.0150340867694467,1.0,10
mmlw_roberta_large,pl,place,sadness,random,0.6481681287288665,-0.0119289968628436,1.0,10
mmlw_roberta_large,pl,place,sadness,shuffled_emotion,0.8673231542110443,-0.011280050454661229,1.0,10
mmlw_roberta_large,pl,situation,anger,emotion,0.9092731535434723,0.04108762834221119,1.0,10
mmlw_roberta_large,pl,situation,anger,identity,0.9367760956287384,0.04108762834221119,1.0,10
mmlw_roberta_large,pl,situation,anger,random,0.6640465557575226,0.040934483520686585,1.0,10
mmlw_roberta_large,pl,situation,anger,shuffled_emotion,0.8791827201843262,0.04454547483474011,1.0,10
mmlw_roberta_large,pl,situation,disgust,emotion,0.8824023544788361,0.06400119587779038,1.0,10
mmlw_roberta_large,pl,situation,disgust,identity,0.9367760956287384,0.055964481085538795,1.0,10
mmlw_roberta_large,pl,situation,disgust,random,0.6426971971988678,0.04837580621242517,1.0,10
mmlw_roberta_large,pl,situation,disgust,shuffled_emotion,0.8888798534870148,0.03964874669909471,1.0,10
mmlw_roberta_large,pl,situation,joy,emotion,0.8888798534870148,0.04671302339993414,1.0,10
mmlw_roberta_large,pl,situation,joy,identity,0.9367760956287384,0.02491419403813775,1.0,10
mmlw_roberta_large,pl,situation,joy,random,0.6556299805641175,0.024215369625017,1.0,10
mmlw_roberta_large,pl,situation,joy,shuffled_emotion,0.9092731535434723,0.02491419403813775,1.0,10
mmlw_roberta_large,pl,situation,sadness,emotion,0.8791827201843262,0.04440664858557278,1.0,10
mmlw_roberta_large,pl,situation,sadness,identity,0.9367760956287384,0.03969254032708698,1.0,10
mmlw_roberta_large,pl,situation,sadness,random,0.682219123840332,0.02470466229133301,1.0,10
mmlw_roberta_large,pl,situation,sadness,shuffled_emotion,0.8824023544788361,0.04719920139759772,1.0,10
mmlw_roberta_large,zh,food,anger,emotion,1.0,0.0,1.0,10
mmlw_roberta_large,zh,food,anger,identity,1.0,0.0,1.0,10
mmlw_roberta_large,zh,food,anger,random,0.6953203082084656,0.0,1.0,10
mmlw_roberta_large,zh,food,anger,shuffled_emotion,1.0,0.0,1.0,10
mmlw_roberta_large,zh,food,disgust,emotion,1.0,0.0,1.0,10
mmlw_roberta_large,zh,food,disgust,identity,1.0,0.0,1.0,10
mmlw_roberta_large,zh,food,disgust,random,0.696607768535614,0.0,1.0,10
mmlw_roberta_large,zh,food,disgust,shuffled_emotion,1.0,0.0,1.0,10
mmlw_roberta_large,zh,food,joy,emotion,1.0,0.0,1.0,10
mmlw_roberta_large,zh,food,joy,identity,1.0,0.0,1.0,10
mmlw_roberta_large,zh,food,joy,random,0.7035834193229675,0.0,1.0,10
mmlw_roberta_large,zh,food,joy,shuffled_emotion,1.0,0.0,1.0,10
mmlw_roberta_large,zh,food,sadness,emotion,1.0,0.0,1.0,10
mmlw_roberta_large,zh,food,sadness,identity,1.0,0.0,1.0,10
mmlw_roberta_large,zh,food,sadness,random,0.6922299265861511,0.0,1.0,10
mmlw_roberta_large,zh,food,sadness,shuffled_emotion,1.0,0.0,1.0,10
mmlw_roberta_large,zh,object,anger,emotion,1.0,0.0,1.0,10
mmlw_roberta_large,zh,object,anger,identity,1.0,0.0,1.0,10
mmlw_roberta_large,zh,object,anger,random,0.7137301564216614,0.0,1.0,10
mmlw_roberta_large,zh,object,anger,shuffled_emotion,1.0,0.0,1.0,10
mmlw_roberta_large,zh,object,disgust,emotion,1.0,0.0,1.0,10
mmlw_roberta_large,zh,object,disgust,identity,1.0,0.0,1.0,10
mmlw_roberta_large,zh,object,disgust,random,0.7258084416389465,0.0,1.0,10
mmlw_roberta_large,zh,object,disgust,shuffled_emotion,1.0,0.0,1.0,10
mmlw_roberta_large,zh,object,joy,emotion,1.0,0.0,1.0,10
mmlw_roberta_large,zh,object,joy,identity,1.0,0.0,1.0,10
mmlw_roberta_large,zh,object,joy,random,0.7137055397033691,0.0,1.0,10
mmlw_roberta_large,zh,object,joy,shuffled_emotion,1.0,0.0,1.0,10
mmlw_roberta_large,zh,object,sadness,emotion,1.0,0.0,1.0,10
mmlw_roberta_large,zh,object,sadness,identity,1.0,0.0,1.0,10
mmlw_roberta_large,zh,object,sadness,random,0.7142130136489868,0.0,1.0,10
mmlw_roberta_large,zh,object,sadness,shuffled_emotion,1.0,0.0,1.0,10
mmlw_roberta_large,zh,person,anger,emotion,1.0,0.0,1.0,10
mmlw_roberta_large,zh,person,anger,identity,1.0,0.0,1.0,10
mmlw_roberta_large,zh,person,anger,random,0.7131125926971436,0.0,1.0,10
mmlw_roberta_large,zh,person,anger,shuffled_emotion,1.0,0.0,1.0,10
mmlw_roberta_large,zh,person,disgust,emotion,1.0,0.0,1.0,10
mmlw_roberta_large,zh,person,disgust,identity,1.0,0.0,1.0,10
mmlw_roberta_large,zh,person,disgust,random,0.7128430604934692,0.0,1.0,10
mmlw_roberta_large,zh,person,disgust,shuffled_emotion,1.0,0.0,1.0,10
mmlw_roberta_large,zh,person,joy,emotion,1.0,0.0,1.0,10
mmlw_roberta_large,zh,person,joy,identity,1.0,0.0,1.0,10
mmlw_roberta_large,zh,person,joy,random,0.7132654190063477,0.0,1.0,10
mmlw_roberta_large,zh,person,joy,shuffled_emotion,1.0,0.0,1.0,10
mmlw_roberta_large,zh,person,sadness,emotion,1.0,0.0,1.0,10
mmlw_roberta_large,zh,person,sadness,identity,1.0,0.0,1.0,10
mmlw_roberta_large,zh,person,sadness,random,0.6936684846878052,0.0,1.0,10
mmlw_roberta_large,zh,person,sadness,shuffled_emotion,1.0,0.0,1.0,10
mmlw_roberta_large,zh,place,anger,emotion,1.0,0.0,1.0,10
mmlw_roberta_large,zh,place,anger,identity,1.0,0.0,1.0,10
mmlw_roberta_large,zh,place,anger,random,0.6927419900894165,0.0,1.0,10
mmlw_roberta_large,zh,place,anger,shuffled_emotion,1.0,0.0,1.0,10
mmlw_roberta_large,zh,place,disgust,emotion,1.0,0.0,1.0,10
mmlw_roberta_large,zh,place,disgust,identity,1.0,0.0,1.0,10
mmlw_roberta_large,zh,place,disgust,random,0.704361081123352,0.0,1.0,10
mmlw_roberta_large,zh,place,disgust,shuffled_emotion,1.0,0.0,1.0,10
mmlw_roberta_large,zh,place,joy,emotion,1.0,0.0,1.0,10
mmlw_roberta_large,zh,place,joy,identity,1.0,0.0,1.0,10
mmlw_roberta_large,zh,place,joy,random,0.7020975351333618,0.0,1.0,10
mmlw_roberta_large,zh,place,joy,shuffled_emotion,1.0,0.0,1.0,10
mmlw_roberta_large,zh,place,sadness,emotion,1.0,0.0,1.0,10
mmlw_roberta_large,zh,place,sadness,identity,1.0,0.0,1.0,10
mmlw_roberta_large,zh,place,sadness,random,0.6927661895751953,0.0,1.0,10
mmlw_roberta_large,zh,place,sadness,shuffled_emotion,1.0,0.0,1.0,10
mmlw_roberta_large,zh,situation,anger,emotion,1.0,0.0,1.0,10
mmlw_roberta_large,zh,situation,anger,identity,1.0,0.0,1.0,10
mmlw_roberta_large,zh,situation,anger,random,0.7101840972900391,0.0,1.0,10
mmlw_roberta_large,zh,situation,anger,shuffled_emotion,1.0,0.0,1.0,10
mmlw_roberta_large,zh,situation,disgust,emotion,1.0,0.0,1.0,10
mmlw_roberta_large,zh,situation,disgust,identity,1.0,0.0,1.0,10
mmlw_roberta_large,zh,situation,disgust,random,0.6956276893615723,0.0,1.0,10
mmlw_roberta_large,zh,situation,disgust,shuffled_emotion,1.0,0.0,1.0,10
mmlw_roberta_large,zh,situation,joy,emotion,1.0,0.0,1.0,10
mmlw_roberta_large,zh,situation,joy,identity,1.0,0.0,1.0,10
mmlw_roberta_large,zh,situation,joy,random,0.7037167549133301,0.0,1.0,10
mmlw_roberta_large,zh,situation,joy,shuffled_emotion,1.0,0.0,1.0,10
mmlw_roberta_large,zh,situation,sadness,emotion,1.0,0.0,1.0,10
mmlw_roberta_large,zh,situation,sadness,identity,1.0,0.0,1.0,10
mmlw_roberta_large,zh,situation,sadness,random,0.7202441096305847,0.0,1.0,10
mmlw_roberta_large,zh,situation,sadness,shuffled_emotion,1.0,0.0,1.0,10
qwen3_embedding_8b,en,food,anger,emotion,0.5193658888339996,-0.008242538711056081,1.0,10
qwen3_embedding_8b,en,food,anger,identity,0.7511033952236176,-0.02123323753476139,1.0,10
qwen3_embedding_8b,en,food,anger,random,0.5342558979988098,-0.02123323753476139,1.0,10
qwen3_embedding_8b,en,food,anger,shuffled_emotion,0.5521120548248291,-0.0165390578564256,1.0,10
qwen3_embedding_8b,en,food,disgust,emotion,0.5435672283172608,0.0534851639997214,1.0,10
qwen3_embedding_8b,en,food,disgust,identity,0.7511033952236176,-0.0099046104121953,1.0,10
qwen3_embedding_8b,en,food,disgust,random,0.5348263740539551,0.00507554705254736,1.0,10
qwen3_embedding_8b,en,food,disgust,shuffled_emotion,0.5382892549037933,-0.01293038357980546,1.0,10
qwen3_embedding_8b,en,food,joy,emotion,0.5382892549037933,0.003634026763029411,1.0,10
qwen3_embedding_8b,en,food,joy,identity,0.7511033952236176,-0.0027528770966455196,1.0,10
qwen3_embedding_8b,en,food,joy,random,0.5380634784698486,-0.00275287709664552,1.0,10
qwen3_embedding_8b,en,food,joy,shuffled_emotion,0.5193658888339996,0.00012923383619637004,1.0,10
qwen3_embedding_8b,en,food,sadness,emotion,0.5521120548248291,0.02426048638299107,1.0,10
qwen3_embedding_8b,en,food,sadness,identity,0.7511033952236176,0.007643221039325021,1.0,10
qwen3_embedding_8b,en,food,sadness,random,0.5302098333835602,0.007643221039325019,1.0,10
qwen3_embedding_8b,en,food,sadness,shuffled_emotion,0.5435672283172608,0.035912534315139036,1.0,10
qwen3_embedding_8b,en,object,anger,emotion,0.46924462616443635,0.11412429437041276,1.0,10
qwen3_embedding_8b,en,object,anger,identity,0.6793385863304138,0.06808028593659396,1.0,10
qwen3_embedding_8b,en,object,anger,random,0.4781674534082413,0.0676914662122726,1.0,10
qwen3_embedding_8b,en,object,anger,shuffled_emotion,0.5027834713459015,0.11000386700034137,1.0,10
qwen3_embedding_8b,en,object,disgust,emotion,0.45873960554599763,0.11658275388181205,1.0,10
qwen3_embedding_8b,en,object,disgust,identity,0.6793385863304138,0.05013253851793702,1.0,10
qwen3_embedding_8b,en,object,disgust,random,0.49301806688308714,0.05013253851793702,1.0,10
qwen3_embedding_8b,en,object,disgust,shuffled_emotion,0.4856894791126251,0.07311074323952194,1.0,10
qwen3_embedding_8b,en,object,joy,emotion,0.4856894791126251,0.09143994729965922,1.0,10
qwen3_embedding_8b,en,object,joy,identity,0.6793385863304138,0.06490118391811844,1.0,10
qwen3_embedding_8b,en,object,joy,random,0.4790731221437454,0.06255440227687356,1.0,10
qwen3_embedding_8b,en,object,joy,shuffled_emotion,0.46924462616443635,0.08077674712985751,1.0,10
qwen3_embedding_8b,en,object,sadness,emotion,0.5027834713459015,0.13816664889454838,1.0,10
qwen3_embedding_8b,en,object,sadness,identity,0.6793385863304138,0.0859401766210794,1.0,10
qwen3_embedding_8b,en,object,sadness,random,0.4891354084014893,0.08392131440341469,1.0,10
qwen3_embedding_8b,en,object,sadness,shuffled_emotion,0.45873960554599763,0.12828831635415552,1.0,10
qwen3_embedding_8b,en,person,anger,emotion,0.520963478088379,0.17112584793940183,1.0,10
qwen3_embedding_8b,en,person,anger,identity,0.7160984933376312,0.01714904662221668,1.0,10
qwen3_embedding_8b,en,person,anger,random,0.511280232667923,0.018222666997462493,1.0,10
qwen3_embedding_8b,en,person,anger,shuffled_emotion,0.5403188109397888,0.052630947064608316,1.0,10
qwen3_embedding_8b,en,person,disgust,emotion,0.47134493887424467,0.12164740683510895,1.0,10
qwen3_embedding_8b,en,person,disgust,identity,0.7160984933376312,0.01794408746063707,1.0,10
qwen3_embedding_8b,en,person,disgust,random,0.5070286929607392,0.01537938751280305,1.0,10
qwen3_embedding_8b,en,person,disgust,shuffled_emotion,0.5203987836837769,0.03955515809357163,1.0,10
qwen3_embedding_8b,en,person,joy,emotion,0.5203987836837769,0.06527930311858651,1.0,10
qwen3_embedding_8b,en,person,joy,identity,0.7160984933376312,-0.01318230647593736,1.0,10
qwen3_embedding_8b,en,person,joy,random,0.49789166152477266,-0.0025935282930731815,1.0,10
qwen3_embedding_8b,en,person,joy,shuffled_emotion,0.520963478088379,0.05586855541914698,1.0,10
qwen3_embedding_8b,en,person,sadness,emotion,0.5403188109397888,0.091267628967762,1.0,10
qwen3_embedding_8b,en,person,sadness,identity,0.7160984933376312,0.0010101122781634505,1.0,10
qwen3_embedding_8b,en,person,sadness,random,0.5113346517086029,-0.0002808987163007197,1.0,10
qwen3_embedding_8b,en,person,sadness,shuffled_emotion,0.47134493887424467,0.08021042235195634,1.0,10
qwen3_embedding_8b,en,place,anger,emotion,0.5069667428731919,0.0865544933825731,1.0,10
qwen3_embedding_8b,en,place,anger,identity,0.7354727327823639,0.04707326125353573,1.0,10
qwen3_embedding_8b,en,place,anger,random,0.5100295722484589,0.04835247974842784,1.0,10
qwen3_embedding_8b,en,place,anger,shuffled_emotion,0.551806527376175,0.067003583535552,1.0,10
qwen3_embedding_8b,en,place,disgust,emotion,0.506899380683899,0.11002256311476226,1.0,10
qwen3_embedding_8b,en,place,disgust,identity,0.7354727327823639,0.04848278262652454,1.0,10
qwen3_embedding_8b,en,place,disgust,random,0.5189054787158967,0.047105234349146465,1.0,10
qwen3_embedding_8b,en,place,disgust,shuffled_emotion,0.5293431460857392,0.053524592332541907,1.0,10
qwen3_embedding_8b,en,place,joy,emotion,0.5293431460857392,0.05087221702560779,1.0,10
qwen3_embedding_8b,en,place,joy,identity,0.7354727327823639,0.04293699970003215,1.0,10
qwen3_embedding_8b,en,place,joy,random,0.5175069451332093,0.03921131303068248,1.0,10
qwen3_embedding_8b,en,place,joy,shuffled_emotion,0.5069667428731919,0.04465011171996588,1.0,10
qwen3_embedding_8b,en,place,sadness,emotion,0.551806527376175,0.10676837945356961,1.0,10
qwen3_embedding_8b,en,place,sadness,identity,0.7354727327823639,0.04954974697902795,1.0,10
qwen3_embedding_8b,en,place,sadness,random,0.5191846430301666,0.06179882669821378,1.0,10
qwen3_embedding_8b,en,place,sadness,shuffled_emotion,0.506899380683899,0.10707801952958104,1.0,10
qwen3_embedding_8b,en,situation,anger,emotion,0.49111042320728304,0.04780952818691727,1.0,10
qwen3_embedding_8b,en,situation,anger,identity,0.6794175565242767,0.022775182127952567,1.0,10
qwen3_embedding_8b,en,situation,anger,random,0.4742486447095871,0.00675916187465192,1.0,10
qwen3_embedding_8b,en,situation,anger,shuffled_emotion,0.5138349890708923,0.05874211788177486,1.0,10
qwen3_embedding_8b,en,situation,disgust,emotion,0.47167524695396423,0.10629439316689963,1.0,10
qwen3_embedding_8b,en,situation,disgust,identity,0.6794175565242767,0.03147083297371863,1.0,10
qwen3_embedding_8b,en,situation,disgust,random,0.48024865090847013,0.031470832973718624,1.0,10
qwen3_embedding_8b,en,situation,disgust,shuffled_emotion,0.5144789934158325,0.04826480420306324,1.0,10
qwen3_embedding_8b,en,situation,joy,emotion,0.5144789934158325,0.121708192769438,1.0,10
qwen3_embedding_8b,en,situation,joy,identity,0.6794175565242767,0.04093532050028442,1.0,10
qwen3_embedding_8b,en,situation,joy,random,0.48868423104286196,0.04093532050028442,1.0,10
qwen3_embedding_8b,en,situation,joy,shuffled_emotion,0.49111042320728304,0.0378056210465729,1.0,10
qwen3_embedding_8b,en,situation,sadness,emotion,0.5138349890708923,0.07915877047926181,1.0,10
qwen3_embedding_8b,en,situation,sadness,identity,0.6794175565242767,0.009369784034788598,1.0,10
qwen3_embedding_8b,en,situation,sadness,random,0.48521423935890196,0.009369784034788598,1.0,10
qwen3_embedding_8b,en,situation,sadness,shuffled_emotion,0.47167524695396423,0.07401637304574246,1.0,10
qwen3_embedding_8b,pl,food,anger,emotion,0.6010678231716156,-0.02640991788357492,1.0,10
qwen3_embedding_8b,pl,food,anger,identity,0.8052277445793152,-0.029428753443062273,1.0,10
qwen3_embedding_8b,pl,food,anger,random,0.5681001722812653,-0.029428753443062273,1.0,10
qwen3_embedding_8b,pl,food,anger,shuffled_emotion,0.6148094952106475,-0.02560122441500421,1.0,10
qwen3_embedding_8b,pl,food,disgust,emotion,0.6085127174854279,-0.012160101952031238,1.0,10
qwen3_embedding_8b,pl,food,disgust,identity,0.8052277445793152,-0.025811237143352612,1.0,10
qwen3_embedding_8b,pl,food,disgust,random,0.5717058598995208,-0.025811237143352605,1.0,10
qwen3_embedding_8b,pl,food,disgust,shuffled_emotion,0.6408571064472198,-0.02103915368206796,1.0,10
qwen3_embedding_8b,pl,food,joy,emotion,0.6408571064472198,-0.00317009771242738,1.0,10
qwen3_embedding_8b,pl,food,joy,identity,0.8052277445793152,-0.01128933997824787,1.0,10
qwen3_embedding_8b,pl,food,joy,random,0.5679835438728332,-0.01128933997824787,1.0,10
qwen3_embedding_8b,pl,food,joy,shuffled_emotion,0.6010678231716156,-0.01178998621180653,1.0,10
qwen3_embedding_8b,pl,food,sadness,emotion,0.6148094952106475,-0.0005449255462735899,1.0,10
qwen3_embedding_8b,pl,food,sadness,identity,0.8052277445793152,-0.00753526161424813,1.0,10
qwen3_embedding_8b,pl,food,sadness,random,0.561816394329071,-0.005439387401565901,1.0,10
qwen3_embedding_8b,pl,food,sadness,shuffled_emotion,0.6085127174854279,0.0015587317291647198,1.0,10
qwen3_embedding_8b,pl,object,anger,emotion,0.49122745990753175,0.06168672814965244,1.0,10
qwen3_embedding_8b,pl,object,anger,identity,0.6628912389278412,0.03247505631297822,1.0,10
qwen3_embedding_8b,pl,object,anger,random,0.46717104613780974,0.03659765366464849,1.0,10
qwen3_embedding_8b,pl,object,anger,shuffled_emotion,0.499891409277916,0.053978623449802365,1.0,10
qwen3_embedding_8b,pl,object,disgust,emotion,0.49632308185100554,0.0764032498002052,1.0,10
qwen3_embedding_8b,pl,object,disgust,identity,0.6628912389278412,0.03205309705808755,1.0,10
qwen3_embedding_8b,pl,object,disgust,random,0.46646928191185,0.0353455536998808,1.0,10
qwen3_embedding_8b,pl,object,disgust,shuffled_emotion,0.5252173125743866,0.04260111572220917,1.0,10
qwen3_embedding_8b,pl,object,joy,emotion,0.5252173125743866,0.05850191297940906,1.0,10
qwen3_embedding_8b,pl,object,joy,identity,0.6628912389278412,0.03863676055334504,1.0,10
qwen3_embedding_8b,pl,object,joy,random,0.4715353697538376,0.043042527278885204,1.0,10
qwen3_embedding_8b,pl,object,joy,shuffled_emotion,0.49122745990753175,0.04885705052874977,1.0,10
qwen3_embedding_8b,pl,object,sadness,emotion,0.499891409277916,0.056797616463154524,1.0,10
qwen3_embedding_8b,pl,object,sadness,identity,0.6628912389278412,0.03950532646849749,1.0,10
qwen3_embedding_8b,pl,object,sadness,random,0.47175109684467315,0.04230250986292955,1.0,10
qwen3_embedding_8b,pl,object,sadness,shuffled_emotion,0.49632308185100554,0.06723112752661106,1.0,10
qwen3_embedding_8b,pl,person,anger,emotion,0.5613201856613159,0.07663369895890351,1.0,10
qwen3_embedding_8b,pl,person,anger,identity,0.7479359149932862,0.01884009081404655,1.0,10
qwen3_embedding_8b,pl,person,anger,random,0.5187826186418534,0.01991638678591697,1.0,10
qwen3_embedding_8b,pl,person,anger,shuffled_emotion,0.5641557097434997,0.04549776006024328,1.0,10
qwen3_embedding_8b,pl,person,disgust,emotion,0.5585229754447937,0.06520882272161539,1.0,10
qwen3_embedding_8b,pl,person,disgust,identity,0.7479359149932862,0.008774057636037459,1.0,10
qwen3_embedding_8b,pl,person,disgust,random,0.5267323672771453,0.0074218577239662294,1.0,10
qwen3_embedding_8b,pl,person,disgust,shuffled_emotion,0.5762818276882171,0.02150335484184323,1.0,10
qwen3_embedding_8b,pl,person,joy,emotion,0.5762818276882171,0.01592672388069329,1.0,10
qwen3_embedding_8b,pl,person,joy,identity,0.7479359149932862,-0.009731616685166951,1.0,10
qwen3_embedding_8b,pl,person,joy,random,0.5301888585090637,-0.0017269963864237111,1.0,10
qwen3_embedding_8b,pl,person,joy,shuffled_emotion,0.5613201856613159,0.01539883245714006,1.0,10
qwen3_embedding_8b,pl,person,sadness,emotion,0.5641557097434997,0.05245855522807685,1.0,10
qwen3_embedding_8b,pl,person,sadness,identity,0.7479359149932862,0.002128137997351569,1.0,10
qwen3_embedding_8b,pl,person,sadness,random,0.5245837688446044,0.00587095876689999,1.0,10
qwen3_embedding_8b,pl,person,sadness,shuffled_emotion,0.5585229754447937,0.04160618341993536,1.0,10
qwen3_embedding_8b,pl,place,anger,emotion,0.5357113301753997,0.02490582745522257,1.0,10
qwen3_embedding_8b,pl,place,anger,identity,0.732929927110672,0.0053854746744036504,1.0,10
qwen3_embedding_8b,pl,place,anger,random,0.5184187769889832,0.0053854746744036504,1.0,10
qwen3_embedding_8b,pl,place,anger,shuffled_emotion,0.5545841217041015,0.030024605616927103,1.0,10
qwen3_embedding_8b,pl,place,disgust,emotion,0.5437442183494567,0.036033210065215794,1.0,10
qwen3_embedding_8b,pl,place,disgust,identity,0.732929927110672,0.00742003181949257,1.0,10
qwen3_embedding_8b,pl,place,disgust,random,0.5183277010917664,-0.0008366200141608701,1.0,10
qwen3_embedding_8b,pl,place,disgust,shuffled_emotion,0.5769207775592804,0.02614683574065562,1.0,10
qwen3_embedding_8b,pl,place,joy,emotion,0.5769207775592804,0.04029345465824004,1.0,10
qwen3_embedding_8b,pl,place,joy,identity,0.732929927110672,9.06756613403975e-06,1.0,10
qwen3_embedding_8b,pl,place,joy,random,0.5057319611310959,0.007221848797053098,1.0,10
qwen3_embedding_8b,pl,place,joy,shuffled_emotion,0.5357113301753997,0.02245857270900157,1.0,10
qwen3_embedding_8b,pl,place,sadness,emotion,0.5545841217041015,0.06254144588019694,1.0,10
qwen3_embedding_8b,pl,place,sadness,identity,0.732929927110672,0.01645403772126883,1.0,10
qwen3_embedding_8b,pl,place,sadness,random,0.5197519659996033,0.00840143344830723,1.0,10
qwen3_embedding_8b,pl,place,sadness,shuffled_emotion,0.5437442183494567,0.03760366353671995,1.0,10
qwen3_embedding_8b,pl,situation,anger,emotion,0.5329071074724198,0.01823469549417496,1.0,10
qwen3_embedding_8b,pl,situation,anger,identity,0.7071029365062713,0.00025200210511686983,1.0,10
qwen3_embedding_8b,pl,situation,anger,random,0.4999287843704224,0.0009059594944119717,1.0,10
qwen3_embedding_8b,pl,situation,anger,shuffled_emotion,0.5352043032646179,0.012626919057220243,1.0,10
qwen3_embedding_8b,pl,situation,disgust,emotion,0.5440823853015899,0.0560792622156441,1.0,10
qwen3_embedding_8b,pl,situation,disgust,identity,0.7071029365062713,0.02673570942133664,1.0,10
qwen3_embedding_8b,pl,situation,disgust,random,0.4946714848279953,0.0289313974790275,1.0,10
qwen3_embedding_8b,pl,situation,disgust,shuffled_emotion,0.5661689758300781,0.025373206194490183,1.0,10
qwen3_embedding_8b,pl,situation,joy,emotion,0.5661689758300781,0.04001103253103793,1.0,10
qwen3_embedding_8b,pl,situation,joy,identity,0.7071029365062713,0.012461569858714949,1.0,10
qwen3_embedding_8b,pl,situation,joy,random,0.49369852542877196,0.0092593271750957,1.0,10
qwen3_embedding_8b,pl,situation,joy,shuffled_emotion,0.5329071074724198,0.01941362251527609,1.0,10
qwen3_embedding_8b,pl,situation,sadness,emotion,0.5352043032646179,-0.0019413590431213406,1.0,10
qwen3_embedding_8b,pl,situation,sadness,identity,0.7071029365062713,-0.01926381550729272,1.0,10
qwen3_embedding_8b,pl,situation,sadness,random,0.4980642795562744,-0.02257386185228822,1.0,10
qwen3_embedding_8b,pl,situation,sadness,shuffled_emotion,0.5440823853015899,-0.00145607069134712,1.0,10
qwen3_embedding_8b,zh,food,anger,emotion,0.4415998488664627,0.02509810742922127,1.0,10
qwen3_embedding_8b,zh,food,anger,identity,0.6798291623592376,0.003556948853656661,1.0,10
qwen3_embedding_8b,zh,food,anger,random,0.4841673940420151,-0.0002676239702850393,1.0,10
qwen3_embedding_8b,zh,food,anger,shuffled_emotion,0.4637350231409073,0.02071994375437498,1.0,10
qwen3_embedding_8b,zh,food,disgust,emotion,0.4845053881406784,0.05008218674920497,1.0,10
qwen3_embedding_8b,zh,food,disgust,identity,0.6798291623592376,0.0029823895078152623,1.0,10
qwen3_embedding_8b,zh,food,disgust,random,0.48727630972862246,-0.003321244614198788,1.0,10
qwen3_embedding_8b,zh,food,disgust,shuffled_emotion,0.4647026568651199,0.012141030747443451,1.0,10
qwen3_embedding_8b,zh,food,joy,emotion,0.4647026568651199,0.021349872788414347,1.0,10
qwen3_embedding_8b,zh,food,joy,identity,0.6798291623592376,-0.00471025900915264,1.0,10
qwen3_embedding_8b,zh,food,joy,random,0.4858580678701401,-0.00990718724206088,1.0,10
qwen3_embedding_8b,zh,food,joy,shuffled_emotion,0.4415998488664627,0.010303976945579049,1.0,10
qwen3_embedding_8b,zh,food,sadness,emotion,0.4637350231409073,0.04338749200105668,1.0,10
qwen3_embedding_8b,zh,food,sadness,identity,0.6798291623592376,0.00967537518590692,1.0,10
qwen3_embedding_8b,zh,food,sadness,random,0.47647669315338137,0.00887216851115229,1.0,10
qwen3_embedding_8b,zh,food,sadness,shuffled_emotion,0.4845053881406784,0.04350424893200398,1.0,10
qwen3_embedding_8b,zh,object,anger,emotion,0.40825026035308837,0.07029721606522796,1.0,10
qwen3_embedding_8b,zh,object,anger,identity,0.6495700418949127,0.04167203623801467,1.0,10
qwen3_embedding_8b,zh,object,anger,random,0.454027384519577,0.04005503971129653,1.0,10
qwen3_embedding_8b,zh,object,anger,shuffled_emotion,0.4330661505460739,0.06416518371552225,1.0,10
qwen3_embedding_8b,zh,object,disgust,emotion,0.42892364859580995,0.08263959204778074,1.0,10
qwen3_embedding_8b,zh,object,disgust,identity,0.6495700418949127,0.03544353228062389,1.0,10
qwen3_embedding_8b,zh,object,disgust,random,0.4589285790920258,0.035964239947497825,1.0,10
qwen3_embedding_8b,zh,object,disgust,shuffled_emotion,0.44919044971466066,0.04165770513936875,1.0,10
qwen3_embedding_8b,zh,object,joy,emotion,0.44919044971466066,0.06462530549615617,1.0,10
qwen3_embedding_8b,zh,object,joy,identity,0.6495700418949127,0.056736789084970894,1.0,10
qwen3_embedding_8b,zh,object,joy,random,0.4545272469520569,0.05372546445578332,1.0,10
qwen3_embedding_8b,zh,object,joy,shuffled_emotion,0.40825026035308837,0.07310976777225728,1.0,10
qwen3_embedding_8b,zh,object,sadness,emotion,0.4330661505460739,0.07471709912642835,1.0,10
qwen3_embedding_8b,zh,object,sadness,identity,0.6495700418949127,0.05150749040767547,1.0,10
qwen3_embedding_8b,zh,object,sadness,random,0.45203240811824796,0.053534210752695766,1.0,10
qwen3_embedding_8b,zh,object,sadness,shuffled_emotion,0.42892364859580995,0.08133918708190319,1.0,10
qwen3_embedding_8b,zh,person,anger,emotion,0.45143952071666715,0.14256125930696723,1.0,10
qwen3_embedding_8b,zh,person,anger,identity,0.6589622735977173,0.03617068948224181,1.0,10
qwen3_embedding_8b,zh,person,anger,random,0.4660851716995239,0.03937112372368568,1.0,10
qwen3_embedding_8b,zh,person,anger,shuffled_emotion,0.4592084318399429,0.07978487629443401,1.0,10
qwen3_embedding_8b,zh,person,disgust,emotion,0.46446978747844697,0.104509749636054,1.0,10
qwen3_embedding_8b,zh,person,disgust,identity,0.6589622735977173,0.04361884146928781,1.0,10
qwen3_embedding_8b,zh,person,disgust,random,0.47434601485729216,0.04361884146928781,1.0,10
qwen3_embedding_8b,zh,person,disgust,shuffled_emotion,0.4622600793838501,0.0603136640042066,1.0,10
qwen3_embedding_8b,zh,person,joy,emotion,0.4622600793838501,0.060129626840352966,1.0,10
qwen3_embedding_8b,zh,person,joy,identity,0.6589622735977173,0.02741555972024793,1.0,10
qwen3_embedding_8b,zh,person,joy,random,0.47750496566295625,0.03192640123888845,1.0,10
qwen3_embedding_8b,zh,person,joy,shuffled_emotion,0.45143952071666715,0.07655375488102432,1.0,10
qwen3_embedding_8b,zh,person,sadness,emotion,0.4592084318399429,0.12138651064597065,1.0,10
qwen3_embedding_8b,zh,person,sadness,identity,0.6589622735977173,0.03487504641525442,1.0,10
qwen3_embedding_8b,zh,person,sadness,random,0.4624942302703857,0.0315796776209026,1.0,10
qwen3_embedding_8b,zh,person,sadness,shuffled_emotion,0.46446978747844697,0.0743205384816974,1.0,10
qwen3_embedding_8b,zh,place,anger,emotion,0.392305126786232,0.10778467506170268,1.0,10
qwen3_embedding_8b,zh,place,anger,identity,0.6439133167266846,0.08368681110441681,1.0,10
qwen3_embedding_8b,zh,place,anger,random,0.46199972927570343,0.08368681110441681,1.0,10
qwen3_embedding_8b,zh,place,anger,shuffled_emotion,0.42141157686710357,0.11505692526698108,1.0,10
qwen3_embedding_8b,zh,place,disgust,emotion,0.42357340157032014,0.11748089157044883,1.0,10
qwen3_embedding_8b,zh,place,disgust,identity,0.6439133167266846,0.08526071459054943,1.0,10
qwen3_embedding_8b,zh,place,disgust,random,0.44697006940841677,0.0816559731960296,1.0,10
qwen3_embedding_8b,zh,place,disgust,shuffled_emotion,0.4254685163497925,0.098386163637042,1.0,10
qwen3_embedding_8b,zh,place,joy,emotion,0.4254685163497925,0.11585216857492919,1.0,10
qwen3_embedding_8b,zh,place,joy,identity,0.6439133167266846,0.07241379078477617,1.0,10
qwen3_embedding_8b,zh,place,joy,random,0.4575632750988007,0.07241379078477617,1.0,10
qwen3_embedding_8b,zh,place,joy,shuffled_emotion,0.392305126786232,0.09086626060307021,1.0,10
qwen3_embedding_8b,zh,place,sadness,emotion,0.42141157686710357,0.12760092504322523,1.0,10
qwen3_embedding_8b,zh,place,sadness,identity,0.6439133167266846,0.07676296345889562,1.0,10
qwen3_embedding_8b,zh,place,sadness,random,0.4566871732473373,0.0692320074886083,1.0,10
qwen3_embedding_8b,zh,place,sadness,shuffled_emotion,0.42357340157032014,0.10547583140432829,1.0,10
qwen3_embedding_8b,zh,situation,anger,emotion,0.4740381300449371,0.1625937812030315,1.0,10
qwen3_embedding_8b,zh,situation,anger,identity,0.6358324110507965,0.10171922203153368,1.0,10
qwen3_embedding_8b,zh,situation,anger,random,0.4491990476846695,0.11905723866075273,1.0,10
qwen3_embedding_8b,zh,situation,anger,shuffled_emotion,0.4946091055870056,0.14140994027256962,1.0,10
qwen3_embedding_8b,zh,situation,disgust,emotion,0.48755269050598143,0.16984900087118143,1.0,10
qwen3_embedding_8b,zh,situation,disgust,identity,0.6358324110507965,0.10898987129330631,1.0,10
qwen3_embedding_8b,zh,situation,disgust,random,0.4576589107513428,0.11153767108917234,1.0,10
qwen3_embedding_8b,zh,situation,disgust,shuffled_emotion,0.5109190046787262,0.13012881726026532,1.0,10
qwen3_embedding_8b,zh,situation,joy,emotion,0.5109190046787262,0.2097589127719402,1.0,10
qwen3_embedding_8b,zh,situation,joy,identity,0.6358324110507965,0.12960166297852987,1.0,10
qwen3_embedding_8b,zh,situation,joy,random,0.44829592406749724,0.1225444104522466,1.0,10
qwen3_embedding_8b,zh,situation,joy,shuffled_emotion,0.4740381300449371,0.17419514209032055,1.0,10
qwen3_embedding_8b,zh,situation,sadness,emotion,0.4946091055870056,0.16478180587291713,1.0,10
qwen3_embedding_8b,zh,situation,sadness,identity,0.6358324110507965,0.1194207455962896,1.0,10
qwen3_embedding_8b,zh,situation,sadness,random,0.4540864259004593,0.13077634312212463,1.0,10
qwen3_embedding_8b,zh,situation,sadness,shuffled_emotion,0.48755269050598143,0.16674871295690533,1.0,10
